df_index,stream,Zscore,district_rank,island_rank,al_year,sub1,sub1_r,sub2,sub2_r,sub3,sub3_r,cgt_r,ge_r,syllabus,birth_day,birth_month,birth_year,gender
54,ARTS,1.4195,585 (NEW),6563,2020,ECONOMICS,A,POLITICAL SCIENCE,A,ISLAM,A,038,B,new,20,July,2001,female
166,COMMERCE,1.6087,717 (NEW),2713,2020,ECONOMICS,A,BUSINESS STUDIES,A,ACCOUNTING,A,064,B,new,26,July,2001,male
491,COMMERCE,1.5054,922 (NEW),3688,2020,ECONOMICS,A,BUSINESS STUDIES,A,ACCOUNTING,A,032,A,new,24,January,2002,female
589,COMMERCE,1.3893,1180 (NEW),5023,2020,ECONOMICS,A,BUSINESS STUDIES,A,ACCOUNTING,A,054,A,new,3,April,2001,female
597,COMMERCE,1.6203,695 (NEW),2637,2020,ECONOMICS,A,BUSINESS STUDIES,A,ACCOUNTING,A,054,A,new,8,July,2001,female
659,COMMERCE,1.6017,731 (NEW),2768,2020,ECONOMICS,A,BUSINESS STUDIES,A,ACCOUNTING,A,064,A,new,31,May,2001,female
719,COMMERCE,1.6141,705 (NEW),2679,2020,ECONOMICS,A,BUSINESS STATISTICS,A,ACCOUNTING,A,062,A,new,15,November,2001,female
1249,ARTS,1.5991,398 (NEW),3673,2020,GEOGRAPHY,A,POLITICAL SCIENCE,A,ISLAMIC CIVILIZATION,A,036,B,new,23,March,2001,female
1287,ARTS,1.4919,504 (NEW),5252,2020,GEOGRAPHY,A,POLITICAL SCIENCE,A,ISLAMIC CIVILIZATION,A,042,A,new,30,July,2001,female
1323,COMMERCE,1.4422,1062 (NEW),4389,2020,ECONOMICS,A,BUSINESS STUDIES,A,ACCOUNTING,A,054,B,new,6,April,2001,female
1366,COMMERCE,1.4769,975 (NEW),3993,2020,ECONOMICS,A,BUSINESS STUDIES,A,ACCOUNTING,A,058,A,new,29,October,2001,male
1580,COMMERCE,1.5402,856 (NEW),3343,2020,ECONOMICS,A,BUSINESS STUDIES,A,ACCOUNTING,A,060,B,new,11,November,2001,male
1593,COMMERCE,1.5235,884 (NEW),3510,2020,ECONOMICS,A,BUSINESS STUDIES,A,ACCOUNTING,A,068,A,new,19,July,2001,male
1645,COMMERCE,1.5824,766 (NEW),2934,2020,ECONOMICS,A,BUSINESS STUDIES,A,ACCOUNTING,A,064,A,new,28,October,2001,male
1701,COMMERCE,1.5191,892 (NEW),3550,2020,ECONOMICS,A,BUSINESS STUDIES,A,ACCOUNTING,A,058,A,new,23,August,2001,male
1736,COMMERCE,1.613,708 (NEW),2687,2020,ECONOMICS,A,BUSINESS STUDIES,A,ACCOUNTING,A,054,A,new,5,June,2001,male
1837,COMMERCE,1.3574,1252 (NEW),5412,2020,ECONOMICS,A,BUSINESS STUDIES,A,ACCOUNTING,A,054,A,new,4,May,2001,male
1910,COMMERCE,1.4661,1003 (NEW),4112,2020,ECONOMICS,A,BUSINESS STUDIES,A,ACCOUNTING,A,052,A,new,16,November,2001,male
1971,COMMERCE,1.601,734 (NEW),2776,2020,ECONOMICS,A,BUSINESS STUDIES,A,ACCOUNTING,A,054,A,new,31,March,2001,male
2037,COMMERCE,1.6004,736 (NEW),2783,2020,ECONOMICS,A,BUSINESS STUDIES,A,ACCOUNTING,A,050,A,new,1,May,2001,male
2481,COMMERCE,1.3949,1166 (NEW),4973,2020,ECONOMICS,A,BUSINESS STUDIES,A,ACCOUNTING,A,064,C,new,7,November,2001,female
2484,COMMERCE,1.5999,737 (NEW),2787,2020,ECONOMICS,A,BUSINESS STUDIES,A,ACCOUNTING,A,054,A,new,1,May,2001,female
2500,COMMERCE,1.6243,690 (NEW),2610,2020,ECONOMICS,A,BUSINESS STUDIES,A,ACCOUNTING,A,060,B,new,5,September,2001,female
2518,COMMERCE,1.6306,678 (NEW),2551,2020,ECONOMICS,A,BUSINESS STUDIES,A,ACCOUNTING,A,062,A,new,22,December,2001,female
2528,COMMERCE,1.4689,992 (NEW),4080,2020,ECONOMICS,A,BUSINESS STUDIES,A,ACCOUNTING,A,050,A,new,15,November,2001,female
2690,COMMERCE,1.4467,1055 (NEW),4332,2020,ECONOMICS,A,BUSINESS STUDIES,A,ACCOUNTING,A,064,A,new,23,September,2001,female
2716,COMMERCE,1.4816,963 (NEW),3946,2020,ECONOMICS,A,BUSINESS STUDIES,A,ACCOUNTING,A,062,A,new,20,May,2001,female
2787,ARTS,1.5903,403 (NEW),3779,2020,POLITICAL SCIENCE,A,COMMUNICATION & MEDIA STUDIES,A,ORIENTAL MUSIC,A,042,A,new,26,July,2001,female
3480,ARTS,1.6765,323 (NEW),2748,2020,GEOGRAPHY,A,POLITICAL SCIENCE,A,HISTORY OF SRI LANKA & INDIA,A,064,A,new,15,May,2001,male
3803,COMMERCE,1.5013,928 (NEW),3748,2020,ECONOMICS,A,BUSINESS STUDIES,A,ACCOUNTING,A,062,C,new,8,October,2001,male
3807,COMMERCE,1.4741,979 (NEW),4015,2020,ECONOMICS,A,BUSINESS STUDIES,A,ACCOUNTING,A,068,B,new,26,January,2002,male
3819,COMMERCE,1.5923,751 (NEW),2852,2020,ECONOMICS,A,BUSINESS STUDIES,A,ACCOUNTING,A,058,A,new,6,November,2001,male
3854,COMMERCE,1.5058,920 (NEW),3682,2020,ECONOMICS,A,BUSINESS STUDIES,A,ACCOUNTING,A,048,A,new,16,August,2001,male
3935,COMMERCE,1.5689,791 (NEW),3066,2020,ECONOMICS,A,BUSINESS STUDIES,A,ACCOUNTING,A,062,A,new,30,August,2001,male
3944,COMMERCE,1.6237,692 (NEW),2616,2020,ECONOMICS,A,BUSINESS STUDIES,A,ACCOUNTING,A,052,B,new,17,April,2001,male
3948,COMMERCE,1.4655,1004 (NEW),4117,2020,ECONOMICS,A,BUSINESS STUDIES,A,ACCOUNTING,A,052,B,new,5,July,2001,male
3952,COMMERCE,1.617,699 (NEW),2662,2020,ECONOMICS,A,BUSINESS STUDIES,A,ACCOUNTING,A,060,C,new,22,March,2001,male
4695,ARTS,1.6629,338 (NEW),2906,2020,COMMUNICATION & MEDIA STUDIES,A,DANCING(INDIGENOUS),A,SINHALA,A,054,S,new,30,May,2001,female
4723,COMMERCE,1.5451,845 (NEW),3297,2020,ECONOMICS,A,BUSINESS STUDIES,A,ACCOUNTING,A,064,S,new,3,October,2001,female
4779,COMMERCE,1.5976,742 (NEW),2806,2020,ECONOMICS,A,BUSINESS STUDIES,A,ACCOUNTING,A,064,S,new,4,January,2002,female
4848,COMMERCE,1.4694,988 (NEW),4066,2020,ECONOMICS,A,BUSINESS STUDIES,A,ACCOUNTING,A,Absent,A,new,22,March,2000,female
4945,COMMERCE,1.498,934 (NEW),3786,2020,ECONOMICS,A,BUSINESS STUDIES,A,ACCOUNTING,A,Absent,C,new,4,May,2000,female
4967,COMMERCE,1.6353,665 (NEW),2510,2020,ECONOMICS,A,BUSINESS STUDIES,A,ACCOUNTING,A,054,B,new,9,November,2001,male
5005,COMMERCE,1.616,702 (NEW),2667,2020,ECONOMICS,A,BUSINESS STUDIES,A,ACCOUNTING,A,064,S,new,17,October,2001,male
5022,COMMERCE,1.4302,1086 (NEW),4529,2020,ECONOMICS,A,BUSINESS STUDIES,A,ACCOUNTING,A,056,Absent,new,10,February,2001,male
5114,COMMERCE,1.5195,891 (NEW),3545,2020,ECONOMICS,A,BUSINESS STUDIES,A,ACCOUNTING,A,050,A,new,22,August,2001,male
5162,COMMERCE,1.4092,1135 (NEW),4777,2020,ECONOMICS,A,BUSINESS STUDIES,A,ACCOUNTING,A,058,C,new,11,June,2001,male
5476,COMMERCE,1.5897,754 (NEW),2870,2020,ECONOMICS,A,BUSINESS STUDIES,A,ACCOUNTING,A,066,B,new,28,March,2001,male
5627,COMMERCE,1.5862,759 (NEW),2900,2020,ECONOMICS,A,BUSINESS STUDIES,A,ACCOUNTING,A,058,A,new,22,November,2001,male
6098,COMMERCE,1.6329,673 (NEW),2534,2020,ECONOMICS,A,BUSINESS STUDIES,A,ACCOUNTING,A,062,B,new,3,October,2001,female
6129,COMMERCE,1.6282,683 (NEW),2567,2020,ECONOMICS,A,BUSINESS STUDIES,A,ACCOUNTING,A,042,C,new,14,October,2001,female
6134,COMMERCE,1.5464,843 (NEW),3292,2020,ECONOMICS,A,BUSINESS STUDIES,A,ACCOUNTING,A,046,S,new,18,June,2001,female
6141,COMMERCE,1.614,706 (NEW),2682,2020,ECONOMICS,A,BUSINESS STUDIES,A,ACCOUNTING,A,058,A,new,30,January,2002,female
6148,COMMERCE,1.5559,817 (NEW),3199,2020,ECONOMICS,A,BUSINESS STUDIES,A,ACCOUNTING,A,040,A,new,26,October,2001,female
6172,COMMERCE,1.6094,714 (NEW),2708,2020,ECONOMICS,A,BUSINESS STUDIES,A,ACCOUNTING,A,066,A,new,9,March,2001,female
6176,COMMERCE,1.4535,1040 (NEW),4244,2020,ECONOMICS,A,BUSINESS STUDIES,A,ACCOUNTING,A,066,B,new,12,October,2001,female
6192,COMMERCE,1.4678,997 (NEW),4096,2020,ECONOMICS,A,BUSINESS STUDIES,A,ACCOUNTING,A,054,B,new,28,May,2001,female
6211,COMMERCE,1.5999,737 (NEW),2787,2020,ECONOMICS,A,BUSINESS STUDIES,A,ACCOUNTING,A,060,A,new,19,April,2001,female
6214,COMMERCE,1.4689,992 (NEW),4080,2020,ECONOMICS,A,BUSINESS STUDIES,A,ACCOUNTING,A,054,C,new,14,September,2001,female
6224,COMMERCE,1.5563,813 (NEW),3193,2020,ECONOMICS,A,BUSINESS STUDIES,A,ACCOUNTING,A,058,A,new,9,May,2001,female
6244,COMMERCE,1.625,689 (NEW),2602,2020,ECONOMICS,A,BUSINESS STUDIES,A,ACCOUNTING,A,054,C,new,11,July,2001,female
6284,ARTS,1.4648,538 (NEW),5728,2020,HISTORY OF SRI LANKA & INDIA,A,DANCING(INDIGENOUS),A,SINHALA,A,042,F,new,19,December,2001,female
6309,COMMERCE,1.5268,872 (NEW),3467,2020,ECONOMICS,A,BUSINESS STUDIES,A,ACCOUNTING,A,042,A,new,14,June,2001,female
6310,ARTS,1.5293,468 (NEW),4631,2020,GEOGRAPHY,A,HISTORY OF SRI LANKA & INDIA,A,SINHALA,A,038,C,new,5,March,2001,female
6314,ARTS,1.5798,415 (NEW),3904,2020,HISTORY OF SRI LANKA & INDIA,A,SINHALA,A,JAPANESE,A,046,S,new,3,October,2001,female
7102,COMMERCE,1.5537,826 (NEW),3222,2020,ECONOMICS,A,BUSINESS STUDIES,A,ACCOUNTING,A,Absent,Absent,new,17,March,2000,male
7204,COMMERCE,1.5572,811 (NEW),3184,2020,ECONOMICS,A,BUSINESS STUDIES,A,ACCOUNTING,A,032,A,new,8,September,2001,male
7298,COMMERCE,1.5974,743 (NEW),2807,2020,ECONOMICS,A,BUSINESS STUDIES,A,ACCOUNTING,A,046,S,new,8,March,2001,male
7449,COMMERCE,1.6162,701 (NEW),2666,2020,ECONOMICS,A,BUSINESS STUDIES,A,ACCOUNTING,A,052,B,new,11,July,2001,female
7998,COMMERCE,1.463,1011 (NEW),4143,2020,ECONOMICS,A,BUSINESS STUDIES,A,ACCOUNTING,A,052,A,new,14,May,2001,male
8014,COMMERCE,1.5901,753 (NEW),2865,2020,ECONOMICS,A,BUSINESS STUDIES,A,ACCOUNTING,A,062,C,new,18,May,2001,male
8130,COMMERCE,1.5436,848 (NEW),3307,2020,ECONOMICS,A,BUSINESS STUDIES,A,ACCOUNTING,A,068,A,new,29,April,2001,male
8302,COMMERCE,1.6175,698 (NEW),2655,2020,ECONOMICS,A,BUSINESS STUDIES,A,ACCOUNTING,A,056,B,new,6,February,2001,male
8403,COMMERCE,1.5088,916 (NEW),3653,2020,ECONOMICS,A,BUSINESS STUDIES,A,ACCOUNTING,A,050,S,new,24,September,2001,male
8998,ARTS,1.5424,448 (NEW),4402,2020,POLITICAL SCIENCE,A,HISTORY OF SRI LANKA & EUROPE,A,SINHALA,A,050,B,new,4,December,2001,female
9005,COMMERCE,1.6062,726 (NEW),2739,2020,ECONOMICS,A,BUSINESS STUDIES,A,ACCOUNTING,A,056,C,new,9,April,2001,female
9055,ARTS,1.6956,303 (NEW),2515,2020,POLITICAL SCIENCE,A,BUDDHIST CIVILIZATION,A,SINHALA,A,040,B,new,30,December,2001,female
9533,COMMERCE,1.5993,739 (NEW),2789,2020,ECONOMICS,A,BUSINESS STUDIES,A,ACCOUNTING,A,050,A,new,11,November,2001,female
9547,COMMERCE,1.5259,875 (NEW),3479,2020,ECONOMICS,A,BUSINESS STUDIES,A,ACCOUNTING,A,052,B,new,23,July,2001,female
9553,COMMERCE,1.5094,915 (NEW),3647,2020,ECONOMICS,A,BUSINESS STUDIES,A,ACCOUNTING,A,050,B,new,8,May,2001,female
9586,COMMERCE,1.5708,784 (NEW),3051,2020,ECONOMICS,A,BUSINESS STUDIES,A,ACCOUNTING,A,066,B,new,27,February,2001,female
9591,COMMERCE,1.5688,792 (NEW),3067,2020,ECONOMICS,A,BUSINESS STATISTICS,A,ACCOUNTING,A,052,A,new,24,February,2001,female
9596,COMMERCE,1.5965,744 (NEW),2810,2020,ECONOMICS,A,BUSINESS STUDIES,A,ACCOUNTING,A,068,A,new,12,October,2001,female
9615,COMMERCE,1.6066,725 (NEW),2736,2020,ECONOMICS,A,BUSINESS STUDIES,A,ACCOUNTING,A,066,A,new,25,August,2001,female
9620,COMMERCE,1.6271,684 (NEW),2582,2020,ECONOMICS,A,BUSINESS STUDIES,A,ACCOUNTING,A,054,A,new,4,March,2001,female
9623,COMMERCE,1.4546,1034 (NEW),4227,2020,ECONOMICS,A,BUSINESS STUDIES,A,ACCOUNTING,A,044,C,new,14,July,2001,female
9650,COMMERCE,1.5503,831 (NEW),3247,2020,ECONOMICS,A,BUSINESS STUDIES,A,ACCOUNTING,A,058,B,new,3,November,2001,female
9699,ARTS,1.3892,633 (NEW),7135,2020,ECONOMICS,A,HISTORY OF SRI LANKA & INDIA,A,JAPANESE,A,046,B,new,23,August,2001,female
9753,ARTS,1.4873,509 (NEW),5328,2020,HISTORY OF SRI LANKA & INDIA,A,ORIENTAL MUSIC,A,HINDI,A,044,C,new,31,August,2001,female
9806,ARTS,1.1174,1032 (NEW),13726,2020,HISTORY OF SRI LANKA & INDIA,A,ORIENTAL MUSIC,A,CHINESE,A,056,A,new,29,July,2001,female
10544,COMMERCE,1.3812,1200 (NEW),5125,2020,ECONOMICS,A,BUSINESS STUDIES,A,ACCOUNTING,A,060,A,new,24,January,2002,male
10597,COMMERCE,1.6271,684 (NEW),2582,2020,ECONOMICS,A,BUSINESS STUDIES,A,ACCOUNTING,A,052,B,new,29,August,2001,male
10618,COMMERCE,1.5561,815 (NEW),3197,2020,ECONOMICS,A,BUSINESS STUDIES,A,ACCOUNTING,A,070,A,new,16,March,2001,male
10699,COMMERCE,1.6346,666 (NEW),2516,2020,ECONOMICS,A,BUSINESS STUDIES,A,ACCOUNTING,A,068,B,new,3,May,2001,male
10732,COMMERCE,1.5334,866 (NEW),3409,2020,ECONOMICS,A,BUSINESS STUDIES,A,ACCOUNTING,A,060,A,new,28,December,2001,male
10773,ARTS,1.4391,568 (NEW),6219,2020,ECONOMICS,A,POLITICAL SCIENCE,A,ORIENTAL MUSIC,A,072,C,new,28,January,2002,male
10814,ARTS,1.6653,335 (NEW),2881,2020,POLITICAL SCIENCE,A,ORIENTAL MUSIC,A,SINHALA,A,046,C,new,26,February,2001,male
10918,COMMERCE,1.6147,704 (NEW),2675,2020,ECONOMICS,A,BUSINESS STUDIES,A,ACCOUNTING,A,070,A,new,24,September,2001,male
11002,COMMERCE,1.4195,1109 (NEW),4655,2020,ECONOMICS,A,BUSINESS STUDIES,A,ACCOUNTING,A,064,C,new,10,November,2001,male
11476,COMMERCE,1.6204,694 (NEW),2636,2020,ECONOMICS,A,BUSINESS STATISTICS,A,ACCOUNTING,A,066,A,new,15,November,2001,female
11645,COMMERCE,1.4644,1005 (NEW),4126,2020,ECONOMICS,A,BUSINESS STUDIES,A,ACCOUNTING,A,064,A,new,26,February,2001,male
11675,COMMERCE,1.4713,986 (NEW),4042,2020,ECONOMICS,A,BUSINESS STUDIES,A,ACCOUNTING,A,074,A,new,1,May,2001,male
11766,COMMERCE,1.482,962 (NEW),3940,2020,ECONOMICS,A,BUSINESS STUDIES,A,ACCOUNTING,A,066,C,new,23,December,2001,male
12206,COMMERCE,1.6344,667 (NEW),2519,2020,ECONOMICS,A,BUSINESS STUDIES,A,ACCOUNTING,A,048,A,new,4,September,2001,female
12215,COMMERCE,1.3898,1176 (NEW),5017,2020,ECONOMICS,A,BUSINESS STUDIES,A,ACCOUNTING,A,056,A,new,11,May,2001,female
12225,COMMERCE,1.4772,974 (NEW),3987,2020,ECONOMICS,A,BUSINESS STATISTICS,A,ACCOUNTING,A,062,A,new,21,November,2001,female
12243,COMMERCE,1.6113,710 (NEW),2694,2020,ECONOMICS,A,BUSINESS STUDIES,A,ACCOUNTING,A,050,A,new,2,January,2002,female
12588,COMMERCE,1.6135,707 (NEW),2686,2020,ECONOMICS,A,BUSINESS STUDIES,A,ACCOUNTING,A,062,A,new,15,October,2001,female
12601,COMMERCE,1.4587,1025 (NEW),4195,2020,ECONOMICS,A,BUSINESS STUDIES,A,ACCOUNTING,A,052,B,new,18,May,2001,female
12604,COMMERCE,1.5503,831 (NEW),3247,2020,ECONOMICS,A,BUSINESS STUDIES,A,ACCOUNTING,A,042,C,new,14,March,2001,female
12614,COMMERCE,1.4747,977 (NEW),4009,2020,ECONOMICS,A,BUSINESS STUDIES,A,ACCOUNTING,A,050,A,new,22,June,2001,female
12651,COMMERCE,1.5606,806 (NEW),3147,2020,ECONOMICS,A,BUSINESS STUDIES,A,ACCOUNTING,A,050,B,new,13,April,2001,female
12653,COMMERCE,1.4552,1033 (NEW),4221,2020,ECONOMICS,A,BUSINESS STUDIES,A,ACCOUNTING,A,068,A,new,12,March,2001,female
12654,COMMERCE,1.536,864 (NEW),3392,2020,ECONOMICS,A,BUSINESS STUDIES,A,ACCOUNTING,A,066,B,new,1,October,2001,female
12659,COMMERCE,1.5066,919 (NEW),3674,2020,ECONOMICS,A,BUSINESS STUDIES,A,ACCOUNTING,A,064,B,new,13,September,2001,female
12686,COMMERCE,1.5691,789 (NEW),3063,2020,ECONOMICS,A,BUSINESS STUDIES,A,ACCOUNTING,A,050,B,new,8,June,2001,female
12687,COMMERCE,1.5861,761 (NEW),2902,2020,ECONOMICS,A,BUSINESS STUDIES,A,ACCOUNTING,A,066,A,new,18,May,2001,female
12692,COMMERCE,1.5618,804 (NEW),3134,2020,ECONOMICS,A,BUSINESS STUDIES,A,ACCOUNTING,A,066,C,new,2,November,2001,female
12733,ARTS,1.5292,469 (NEW),4636,2020,ECONOMICS,A,SINHALA,A,JAPANESE,A,058,A,new,6,December,2001,female
13378,COMMERCE,1.557,812 (NEW),3189,2020,ECONOMICS,A,BUSINESS STUDIES,A,ACCOUNTING,A,054,A,new,16,February,2001,female
13391,COMMERCE,1.5041,924 (NEW),3708,2020,ECONOMICS,A,BUSINESS STUDIES,A,ACCOUNTING,A,064,A,new,31,October,2001,female
13415,COMMERCE,1.4627,1015 (NEW),4150,2020,ECONOMICS,A,BUSINESS STUDIES,A,ACCOUNTING,A,064,A,new,4,January,2002,female
13428,COMMERCE,1.5788,775 (NEW),2965,2020,ECONOMICS,A,BUSINESS STUDIES,A,ACCOUNTING,A,052,A,new,26,February,2001,female
13444,COMMERCE,1.5867,757 (NEW),2895,2020,ECONOMICS,A,BUSINESS STUDIES,A,ACCOUNTING,A,050,A,new,15,January,2002,female
13526,COMMERCE,1.538,861 (NEW),3367,2020,ECONOMICS,A,BUSINESS STATISTICS,A,ACCOUNTING,A,080,B,new,31,May,2001,female
13567,COMMERCE,1.4285,1092 (NEW),4552,2020,ECONOMICS,A,BUSINESS STUDIES,A,ACCOUNTING,A,068,A,new,18,February,2001,female
13616,ARTS,1.6816,316 (NEW),2681,2020,ECONOMICS,A,COMMUNICATION & MEDIA STUDIES,A,JAPANESE,A,052,B,new,30,November,2001,female
13817,COMMERCE,1.5828,765 (NEW),2932,2020,ECONOMICS,A,BUSINESS STUDIES,A,ACCOUNTING,A,050,B,new,9,November,2001,female
13834,COMMERCE,1.5862,759 (NEW),2900,2020,ECONOMICS,A,BUSINESS STUDIES,A,ACCOUNTING,A,070,A,new,7,December,2001,female
13835,COMMERCE,1.5402,856 (NEW),3343,2020,ECONOMICS,A,BUSINESS STUDIES,A,ACCOUNTING,A,060,A,new,3,December,2001,female
13915,COMMERCE,1.5822,767 (NEW),2935,2020,ECONOMICS,A,BUSINESS STUDIES,A,ACCOUNTING,A,044,A,new,8,November,2001,female
13930,COMMERCE,1.375,1215 (NEW),5189,2020,ECONOMICS,A,BUSINESS STUDIES,A,ACCOUNTING,A,042,A,new,18,March,2001,female
14336,COMMERCE,1.5953,747 (NEW),2820,2020,ECONOMICS,A,BUSINESS STUDIES,A,ACCOUNTING,A,042,A,new,7,December,2001,female
14387,ARTS,1.2763,789 (NEW),9705,2020,POLITICAL SCIENCE,A,CHRISTIANITY,A,ORIENTAL MUSIC,A,036,C,new,29,June,2001,female
14558,COMMERCE,1.4775,973 (NEW),3981,2020,ECONOMICS,A,BUSINESS STUDIES,A,ACCOUNTING,A,048,A,new,1,January,2002,female
14577,COMMERCE,1.6306,678 (NEW),2551,2020,ECONOMICS,A,BUSINESS STUDIES,A,ACCOUNTING,A,058,A,new,28,December,2001,female
14981,COMMERCE,1.5861,761 (NEW),2902,2020,ECONOMICS,A,BUSINESS STUDIES,A,ACCOUNTING,A,058,B,new,23,March,2001,male
15123,COMMERCE,1.4599,1020 (NEW),4178,2020,ECONOMICS,A,BUSINESS STUDIES,A,ACCOUNTING,A,046,A,new,1,May,2001,male
15207,COMMERCE,1.6068,723 (NEW),2734,2020,ECONOMICS,A,BUSINESS STUDIES,A,ACCOUNTING,A,058,A,new,24,February,2001,male
15212,COMMERCE,1.5886,756 (NEW),2881,2020,ECONOMICS,A,BUSINESS STUDIES,A,ACCOUNTING,A,068,A,new,17,May,2001,male
15233,COMMERCE,1.5698,787 (NEW),3060,2020,ECONOMICS,A,BUSINESS STUDIES,A,ACCOUNTING,A,052,A,new,8,July,2001,male
15251,COMMERCE,1.4411,1067 (NEW),4405,2020,ECONOMICS,A,BUSINESS STUDIES,A,ACCOUNTING,A,044,A,new,11,April,2001,male
15343,ARTS,1.6686,330 (NEW),2846,2020,POLITICAL SCIENCE,A,ISLAMIC CIVILIZATION,A,ARABIC,A,036,A,new,9,September,2001,female
15370,COMMERCE,1.5229,886 (NEW),3518,2020,ECONOMICS,A,BUSINESS STUDIES,A,ACCOUNTING,A,046,A,new,4,July,2001,female
15380,COMMERCE,1.5548,821 (NEW),3212,2020,ECONOMICS,A,BUSINESS STUDIES,A,ACCOUNTING,A,050,A,new,19,June,2001,female
15394,ARTS,1.4391,568 (NEW),6219,2020,POLITICAL SCIENCE,A,ISLAMIC CIVILIZATION,A,ARABIC,A,046,A,new,31,January,2003,female
15396,COMMERCE,1.5981,740 (NEW),2800,2020,ECONOMICS,A,BUSINESS STUDIES,A,ACCOUNTING,A,034,A,new,12,June,2001,female
15607,COMMERCE,1.498,934 (NEW),3786,2020,ECONOMICS,A,BUSINESS STUDIES,A,ACCOUNTING,A,050,A,new,22,September,2001,female
15608,COMMERCE,1.5696,788 (NEW),3061,2020,ECONOMICS,A,BUSINESS STUDIES,A,ACCOUNTING,A,038,A,new,5,September,2001,female
15612,COMMERCE,1.3061,1399 (NEW),6060,2020,ECONOMICS,A,BUSINESS STUDIES,A,ACCOUNTING,A,052,A,new,9,March,2000,female
15622,COMMERCE,1.6306,678 (NEW),2551,2020,ECONOMICS,A,BUSINESS STUDIES,A,ACCOUNTING,A,056,A,new,14,February,2001,female
15630,COMMERCE,1.6318,676 (NEW),2545,2020,ECONOMICS,A,BUSINESS STUDIES,A,ACCOUNTING,A,048,A,new,1,September,2001,female
15634,ARTS,1.4688,532 (NEW),5658,2020,GEOGRAPHY,A,COMMUNICATION & MEDIA STUDIES,A,ISLAMIC CIVILIZATION,A,060,A,new,2,October,2001,female
15667,COMMERCE,1.469,991 (NEW),4075,2020,ECONOMICS,A,BUSINESS STUDIES,A,ACCOUNTING,A,054,A,new,4,April,2001,female
16069,COMMERCE,1.5606,806 (NEW),3147,2020,ECONOMICS,A,BUSINESS STUDIES,A,ACCOUNTING,A,058,A,new,9,April,2001,female
16079,COMMERCE,1.4871,954 (NEW),3895,2020,ECONOMICS,A,BUSINESS STUDIES,A,ACCOUNTING,A,060,A,new,16,June,2001,female
16099,COMMERCE,1.5556,819 (NEW),3202,2020,ECONOMICS,A,BUSINESS STUDIES,A,ACCOUNTING,A,050,B,new,30,July,2001,female
16139,COMMERCE,1.4353,1079 (NEW),4477,2020,ECONOMICS,A,BUSINESS STUDIES,A,ACCOUNTING,A,042,B,new,9,April,2001,female
16165,COMMERCE,1.5223,887 (NEW),3523,2020,ECONOMICS,A,BUSINESS STUDIES,A,ACCOUNTING,A,054,A,new,20,September,2000,female
16187,COMMERCE,1.3574,1252 (NEW),5412,2020,ECONOMICS,A,BUSINESS STUDIES,A,ACCOUNTING,A,058,A,new,20,February,2001,female
16193,COMMERCE,1.3876,1185 (NEW),5045,2020,ECONOMICS,A,BUSINESS STUDIES,A,ACCOUNTING,A,038,A,new,10,July,2001,female
16329,ARTS,1.2416,846 (NEW),10496,2020,ECONOMICS,A,DANCING(INDIGENOUS),A,SINHALA,A,056,C,new,28,October,2001,female
16601,COMMERCE,1.5203,890 (NEW),3537,2020,ECONOMICS,A,BUSINESS STUDIES,A,ACCOUNTING,A,062,B,new,16,February,2001,male
16649,COMMERCE,1.4694,988 (NEW),4066,2020,ECONOMICS,A,BUSINESS STUDIES,A,ACCOUNTING,A,060,F,new,2,October,2001,male
16688,COMMERCE,1.3876,1185 (NEW),5045,2020,ECONOMICS,A,BUSINESS STUDIES,A,ACCOUNTING,A,Absent,S,new,19,May,2000,male
16866,ARTS,1.6343,365 (NEW),3235,2020,COMMUNICATION & MEDIA STUDIES,A,DANCING(INDIGENOUS),A,DRAMA AND THEATRE (SINHALA),A,038,F,new,12,June,2001,female
16935,COMMERCE,1.4814,964 (NEW),3952,2020,ECONOMICS,A,BUSINESS STUDIES,A,ACCOUNTING,A,048,S,new,10,July,2001,female
16945,COMMERCE,1.4673,998 (NEW),4098,2020,ECONOMICS,A,BUSINESS STUDIES,A,ACCOUNTING,A,062,C,new,23,March,2000,male
17000,COMMERCE,1.4621,1017 (NEW),4155,2020,ECONOMICS,A,BUSINESS STUDIES,A,ACCOUNTING,A,048,A,new,21,August,2001,male
17026,COMMERCE,1.4974,936 (NEW),3793,2020,ECONOMICS,A,BUSINESS STUDIES,A,ACCOUNTING,A,046,C,new,1,May,2001,male
17661,COMMERCE,1.4473,1053 (NEW),4321,2020,ECONOMICS,A,BUSINESS STUDIES,A,ACCOUNTING,A,062,C,new,8,February,2001,female
17834,ARTS,1.451,554 (NEW),5987,2020,HISTORY OF SRI LANKA & INDIA,A,CHRISTIANITY,A,SINHALA,A,032,S,new,2,November,2001,female
18827,ARTS,1.4868,510 (NEW),5333,2020,GEOGRAPHY,A,DANCING(INDIGENOUS),A,SINHALA,A,044,S,new,19,October,2001,female
18908,COMMERCE,1.5184,896 (NEW),3555,2020,ECONOMICS,A,BUSINESS STUDIES,A,ACCOUNTING,A,038,C,new,31,January,2002,female
19002,COMMERCE,1.563,802 (NEW),3120,2020,ECONOMICS,A,BUSINESS STUDIES,A,ACCOUNTING,A,054,C,new,10,January,2002,female
19008,COMMERCE,1.5578,810 (NEW),3178,2020,ECONOMICS,A,BUSINESS STUDIES,A,ACCOUNTING,A,052,B,new,25,April,2001,female
19190,COMMERCE,1.5373,863 (NEW),3377,2020,ECONOMICS,A,BUSINESS STUDIES,A,ACCOUNTING,A,052,S,new,21,November,2001,male
19774,COMMERCE,1.6089,715 (NEW),2710,2020,ECONOMICS,A,BUSINESS STUDIES,A,ACCOUNTING,A,048,B,new,23,May,2001,female
19775,COMMERCE,1.3949,1166 (NEW),4973,2020,ECONOMICS,A,BUSINESS STUDIES,A,ACCOUNTING,A,058,B,new,29,December,2001,female
19784,COMMERCE,1.5593,809 (NEW),3161,2020,ECONOMICS,A,BUSINESS STUDIES,A,ACCOUNTING,A,042,S,new,3,April,2001,female
19810,COMMERCE,1.5428,852 (NEW),3316,2020,ECONOMICS,A,BUSINESS STUDIES,A,ACCOUNTING,A,052,A,new,5,August,2001,female
19811,COMMERCE,1.5805,769 (NEW),2947,2020,ECONOMICS,A,BUSINESS STUDIES,A,ACCOUNTING,A,052,A,new,22,April,2001,female
19849,COMMERCE,1.5892,755 (NEW),2876,2020,ECONOMICS,A,BUSINESS STUDIES,A,ACCOUNTING,A,074,B,new,18,May,2001,female
19868,COMMERCE,1.5439,846 (NEW),3303,2020,ECONOMICS,A,BUSINESS STUDIES,A,ACCOUNTING,A,048,B,new,10,December,2001,female
19888,COMMERCE,1.5788,775 (NEW),2965,2020,ECONOMICS,A,BUSINESS STUDIES,A,ACCOUNTING,A,048,C,new,20,March,2001,female
19930,COMMERCE,1.3658,1236 (NEW),5316,2020,ECONOMICS,A,BUSINESS STUDIES,A,ACCOUNTING,A,044,C,new,28,October,2001,female
19939,COMMERCE,1.6333,669 (NEW),2529,2020,ECONOMICS,A,BUSINESS STUDIES,A,ACCOUNTING,A,044,A,new,23,August,2001,female
19949,COMMERCE,1.5709,783 (NEW),3050,2020,ECONOMICS,A,BUSINESS STATISTICS,A,ACCOUNTING,A,066,A,new,10,March,2001,female
19973,COMMERCE,1.6322,674 (NEW),2542,2020,ECONOMICS,A,BUSINESS STUDIES,A,ACCOUNTING,A,062,B,new,11,December,2001,female
19982,COMMERCE,1.6261,687 (NEW),2591,2020,ECONOMICS,A,BUSINESS STUDIES,A,ACCOUNTING,A,060,C,new,23,October,2001,female
19999,COMMERCE,1.4097,1134 (NEW),4765,2020,ECONOMICS,A,BUSINESS STUDIES,A,ACCOUNTING,A,036,C,new,23,September,2001,female
20014,COMMERCE,1.6157,703 (NEW),2669,2020,ECONOMICS,A,BUSINESS STUDIES,A,ACCOUNTING,A,048,B,new,2,July,2001,female
20025,COMMERCE,1.6333,669 (NEW),2529,2020,ECONOMICS,A,BUSINESS STUDIES,A,ACCOUNTING,A,048,C,new,5,January,2002,female
20028,COMMERCE,1.51,913 (NEW),3643,2020,ECONOMICS,A,BUSINESS STUDIES,A,ACCOUNTING,A,058,S,new,3,September,2001,female
20058,ARTS,1.5981,399 (NEW),3685,2020,POLITICAL SCIENCE,A,HISTORY OF SRI LANKA & INDIA,A,SINHALA,A,040,A,new,2,July,2001,female
20154,ARTS,1.5839,410 (NEW),3855,2020,GEOGRAPHY,A,ORIENTAL MUSIC,A,HINDI,A,056,C,new,28,November,2001,female
20650,ARTS,1.6598,340 (NEW),2935,2020,POLITICAL SCIENCE,A,HISTORY OF SRI LANKA & INDIA,A,SINHALA,A,032,A,new,27,September,2001,female
20682,COMMERCE,1.4741,979 (NEW),4015,2020,ECONOMICS,A,BUSINESS STUDIES,A,ACCOUNTING,A,048,S,new,23,October,2001,female
20829,COMMERCE,1.5077,918 (NEW),3665,2020,ECONOMICS,A,BUSINESS STUDIES,A,ACCOUNTING,A,060,S,new,7,December,2000,female
20837,ARTS,1.5819,412 (NEW),3883,2020,HISTORY OF SRI LANKA & INDIA,A,BUDDHIST CIVILIZATION,A,SINHALA,A,046,F,new,21,August,2000,female
21189,COMMERCE,1.6318,676 (NEW),2545,2020,ECONOMICS,A,BUSINESS STUDIES,A,ACCOUNTING,A,042,C,new,1,December,2001,female
21333,COMMERCE,1.5167,899 (NEW),3572,2020,ECONOMICS,A,BUSINESS STUDIES,A,ACCOUNTING,A,060,S,new,4,July,2000,female
21334,COMMERCE,1.561,805 (NEW),3144,2020,ECONOMICS,A,BUSINESS STUDIES,A,ACCOUNTING,A,042,B,new,19,December,2001,female
22564,COMMERCE,1.3972,1157 (NEW),4941,2020,ECONOMICS,A,BUSINESS STUDIES,A,ACCOUNTING,A,040,A,new,2,January,2000,female
23332,COMMERCE,1.4666,1002 (NEW),4108,2020,ECONOMICS,A,BUSINESS STUDIES,A,ACCOUNTING,A,046,C,new,16,September,2001,male
23665,ARTS,1.384,643 (NEW),7235,2020,POLITICAL SCIENCE,A,ISLAM,A,ARABIC,A,042,C,new,18,October,2000,male
24053,ARTS,1.6465,353 (NEW),3095,2020,GEOGRAPHY,A,HISTORY OF SRI LANKA & INDIA,A,DANCING(INDIGENOUS),A,042,S,new,15,May,2001,female
24203,COMMERCE,1.4633,1010 (NEW),4140,2020,ECONOMICS,A,BUSINESS STUDIES,A,ACCOUNTING,A,068,S,new,15,July,2001,female
24230,COMMERCE,1.6085,718 (NEW),2715,2020,ECONOMICS,A,BUSINESS STUDIES,A,ACCOUNTING,A,052,S,new,1,March,2001,male
24279,COMMERCE,1.5505,829 (NEW),3245,2020,ECONOMICS,A,BUSINESS STUDIES,A,ACCOUNTING,A,040,F,new,28,November,2001,male
25284,COMMERCE,1.5691,789 (NEW),3063,2020,ECONOMICS,A,BUSINESS STUDIES,A,ACCOUNTING,A,056,S,new,7,October,2001,female
25316,COMMERCE,1.5952,748 (NEW),2824,2020,ECONOMICS,A,BUSINESS STUDIES,A,ACCOUNTING,A,046,C,new,29,April,2001,female
25862,ARTS,1.5673,425 (NEW),4055,2020,POLITICAL SCIENCE,A,HISTORY OF SRI LANKA & INDIA,A,SINHALA,A,046,F,new,26,May,2001,female
26191,COMMERCE,1.6083,721 (NEW),2721,2020,ECONOMICS,A,BUSINESS STUDIES,A,ACCOUNTING,A,052,C,new,30,November,2001,female
26293,COMMERCE,1.485,957 (NEW),3915,2020,ECONOMICS,A,BUSINESS STUDIES,A,ACCOUNTING,A,046,F,new,8,August,2001,male
26501,COMMERCE,1.5043,923 (NEW),3705,2020,ECONOMICS,A,BUSINESS STUDIES,A,ACCOUNTING,A,066,C,new,25,March,2001,female
26503,COMMERCE,1.5469,842 (NEW),3290,2020,ECONOMICS,A,BUSINESS STUDIES,A,ACCOUNTING,A,046,C,new,8,July,2001,female
26516,COMMERCE,1.6085,718 (NEW),2715,2020,ECONOMICS,A,BUSINESS STUDIES,A,ACCOUNTING,A,052,B,new,12,December,2001,female
26598,COMMERCE,1.6072,722 (NEW),2729,2020,ECONOMICS,A,BUSINESS STUDIES,A,ACCOUNTING,A,046,S,new,2,November,2001,female
27199,COMMERCE,1.5627,803 (NEW),3124,2020,ECONOMICS,A,BUSINESS STUDIES,A,ACCOUNTING,A,034,S,new,3,December,2001,female
28039,COMMERCE,1.4672,999 (NEW),4099,2020,ECONOMICS,A,BUSINESS STUDIES,A,ACCOUNTING,A,056,A,new,25,February,2001,male
28054,ARTS,1.4916,505 (NEW),5258,2020,HISTORY OF SRI LANKA & INDIA,A,BUDDHIST CIVILIZATION,A,SINHALA,A,042,S,new,6,July,2001,female
28455,COMMERCE,1.6124,709 (NEW),2689,2020,ECONOMICS,A,BUSINESS STUDIES,A,ACCOUNTING,A,058,S,new,9,January,2002,male
28785,COMMERCE,1.5019,927 (NEW),3740,2020,ECONOMICS,A,BUSINESS STUDIES,A,ACCOUNTING,A,050,C,new,9,February,2001,female
28921,ARTS,1.5467,441 (NEW),4334,2020,HISTORY OF SRI LANKA & INDIA,A,BUDDHIST CIVILIZATION,A,SINHALA,A,032,A,new,18,May,2001,female
29147,COMMERCE,1.5942,749 (NEW),2834,2020,ECONOMICS,A,BUSINESS STUDIES,A,ACCOUNTING,A,048,C,new,22,May,2001,female
30455,ARTS,1.605,390 (NEW),3584,2020,POLITICAL SCIENCE,A,HISTORY OF SRI LANKA & MODERN WORLD,A,SINHALA,A,Absent,S,new,29,December,2000,female
30858,COMMERCE,1.6335,668 (NEW),2528,2020,ECONOMICS,A,BUSINESS STUDIES,A,ACCOUNTING,A,066,C,new,25,September,2001,male
30962,COMMERCE,1.5471,840 (NEW),3286,2020,ECONOMICS,A,BUSINESS STUDIES,A,ACCOUNTING,A,Absent,A,new,15,December,2000,female
31075,COMMERCE,1.4535,1040 (NEW),4244,2020,ECONOMICS,A,BUSINESS STUDIES,A,ACCOUNTING,A,062,C,new,18,October,2001,female
31427,COMMERCE,1.5865,758 (NEW),2898,2020,ECONOMICS,A,BUSINESS STUDIES,A,ACCOUNTING,A,066,C,new,17,September,2001,female
31782,COMMERCE,1.6088,716 (NEW),2711,2020,ECONOMICS,A,BUSINESS STUDIES,A,ACCOUNTING,A,048,B,new,19,June,2001,female
31800,COMMERCE,1.4188,1111 (NEW),4666,2020,ECONOMICS,A,BUSINESS STUDIES,A,ACCOUNTING,A,034,C,new,7,April,2001,female
31896,COMMERCE,1.4644,1005 (NEW),4126,2020,ECONOMICS,A,BUSINESS STUDIES,A,ACCOUNTING,A,040,C,new,15,January,2002,female
31979,ARTS,1.5171,476 (NEW),4818,2020,GEOGRAPHY,A,HISTORY OF SRI LANKA & INDIA,A,SINHALA,A,052,C,new,28,June,2001,female
32802,ARTS,1.5707,420 (NEW),4016,2020,POLITICAL SCIENCE,A,HISTORY OF SRI LANKA & INDIA,A,SINHALA,A,038,Absent,new,14,December,2000,male
32947,COMMERCE,1.5269,871 (NEW),3466,2020,ECONOMICS,A,BUSINESS STUDIES,A,ACCOUNTING,A,062,S,new,13,September,2001,female
34075,COMMERCE,1.5914,297 (NEW),2856,2020,ECONOMICS,A,BUSINESS STUDIES,A,ACCOUNTING,A,062,A,new,5,February,2001,male
34119,COMMERCE,1.5503,345 (NEW),3247,2020,ECONOMICS,A,BUSINESS STUDIES,A,ACCOUNTING,A,050,B,new,26,October,2001,male
34135,COMMERCE,1.4901,414 (NEW),3863,2020,ECONOMICS,A,BUSINESS STUDIES,A,ACCOUNTING,A,060,B,new,13,December,2001,male
34202,COMMERCE,1.5424,352 (NEW),3320,2020,ECONOMICS,A,BUSINESS STUDIES,A,ACCOUNTING,A,058,C,new,8,June,2001,male
34576,COMMERCE,1.5013,398 (NEW),3748,2020,ECONOMICS,A,BUSINESS STUDIES,A,ACCOUNTING,A,048,B,new,20,July,2001,female
34683,COMMERCE,1.5254,369 (NEW),3487,2020,ECONOMICS,A,BUSINESS STUDIES,A,ACCOUNTING,A,054,A,new,5,March,2001,female
34819,ARTS,1.378,587 (NEW),7387,2020,ECONOMICS,A,LOGIC & SCIENTIFIC METHOD,A,ORIENTAL MUSIC,A,040,C,new,20,September,2001,female
34826,ARTS,1.5741,332 (NEW),3975,2020,GEOGRAPHY,A,CHRISTIANITY,A,SINHALA,A,040,B,new,3,May,2001,female
34902,COMMERCE,1.47,431 (NEW),4061,2020,ECONOMICS,A,BUSINESS STUDIES,A,ACCOUNTING,A,058,S,new,10,March,2000,female
35834,COMMERCE,1.5019,395 (NEW),3740,2020,ECONOMICS,A,BUSINESS STUDIES,A,ACCOUNTING,A,060,S,new,16,November,2001,male
35852,ARTS,1.6728,243 (NEW),2801,2020,HISTORY OF SRI LANKA & INDIA,A,BUDDHIST CIVILIZATION,A,SINHALA,A,058,S,new,29,May,2001,female
35863,ARTS,1.6816,228 (NEW),2681,2020,GEOGRAPHY,A,BUDDHIST CIVILIZATION,A,SINHALA,A,050,S,new,1,December,2001,female
36047,ARTS,1.5027,428 (NEW),5051,2020,ECONOMICS,A,POLITICAL SCIENCE,A,SINHALA,A,042,C,new,27,August,2001,female
36635,COMMERCE,1.6034,287 (NEW),2760,2020,ECONOMICS,A,BUSINESS STUDIES,A,ACCOUNTING,A,056,C,new,21,November,2001,female
36645,COMMERCE,1.625,271 (NEW),2602,2020,ECONOMICS,A,BUSINESS STUDIES,A,ACCOUNTING,A,056,S,new,28,October,2001,female
36661,COMMERCE,1.6072,280 (NEW),2729,2020,ECONOMICS,A,BUSINESS STUDIES,A,ACCOUNTING,A,060,A,new,24,February,2001,female
36663,COMMERCE,1.4518,454 (NEW),4267,2020,ECONOMICS,A,BUSINESS STUDIES,A,ACCOUNTING,A,048,B,new,14,September,2001,female
36666,COMMERCE,1.507,387 (NEW),3670,2020,ECONOMICS,A,BUSINESS STUDIES,A,ACCOUNTING,A,046,B,new,14,June,2001,female
36671,COMMERCE,1.4689,435 (NEW),4080,2020,ECONOMICS,A,BUSINESS STUDIES,A,ACCOUNTING,A,038,A,new,6,June,2002,female
36699,COMMERCE,1.604,284 (NEW),2755,2020,ECONOMICS,A,BUSINESS STUDIES,A,ACCOUNTING,A,060,B,new,2,September,2001,female
36712,COMMERCE,1.4638,442 (NEW),4136,2020,ECONOMICS,A,BUSINESS STUDIES,A,ACCOUNTING,A,056,S,new,28,June,2001,female
36716,COMMERCE,1.604,284 (NEW),2755,2020,ECONOMICS,A,BUSINESS STUDIES,A,ACCOUNTING,A,060,A,new,5,October,2001,female
36720,COMMERCE,1.4548,451 (NEW),4224,2020,ECONOMICS,A,BUSINESS STUDIES,A,ACCOUNTING,A,056,C,new,28,June,2001,female
36730,COMMERCE,1.5755,313 (NEW),2999,2020,ECONOMICS,A,BUSINESS STUDIES,A,ACCOUNTING,A,056,B,new,22,November,2001,female
36741,COMMERCE,1.6301,262 (NEW),2555,2020,ECONOMICS,A,BUSINESS STUDIES,A,ACCOUNTING,A,064,B,new,14,September,2001,female
36749,COMMERCE,1.6357,257 (NEW),2505,2020,ECONOMICS,A,BUSINESS STUDIES,A,ACCOUNTING,A,054,A,new,17,June,2001,female
36790,ARTS,1.4692,474 (NEW),5651,2020,HISTORY OF SRI LANKA & INDIA,A,DANCING(INDIGENOUS),A,SINHALA,A,046,B,new,9,August,2001,female
36866,ARTS,1.6693,246 (NEW),2841,2020,ECONOMICS,A,LOGIC & SCIENTIFIC METHOD,A,JAPANESE,A,064,C,new,15,November,2001,female
36879,ARTS,1.6439,267 (NEW),3126,2020,ECONOMICS,A,LOGIC & SCIENTIFIC METHOD,A,JAPANESE,A,052,B,new,28,February,2001,female
37062,COMMERCE,1.6299,264 (NEW),2557,2020,ECONOMICS,A,BUSINESS STUDIES,A,ACCOUNTING,A,066,C,new,12,July,2001,female
37327,COMMERCE,1.6186,273 (NEW),2646,2020,ECONOMICS,A,BUSINESS STUDIES,A,ACCOUNTING,A,054,S,new,20,August,2001,female
37336,COMMERCE,1.5302,363 (NEW),3441,2020,ECONOMICS,A,BUSINESS STUDIES,A,ACCOUNTING,A,054,S,new,12,June,2001,female
37436,COMMERCE,1.5879,300 (NEW),2886,2020,ECONOMICS,A,BUSINESS STUDIES,A,ACCOUNTING,A,050,B,new,25,April,2001,female
37466,COMMERCE,1.6278,265 (NEW),2571,2020,ECONOMICS,A,BUSINESS STUDIES,A,ACCOUNTING,A,048,S,new,6,June,2001,female
37497,COMMERCE,1.4952,410 (NEW),3817,2020,ECONOMICS,A,BUSINESS STUDIES,A,ACCOUNTING,A,056,C,new,22,May,2001,female
37506,COMMERCE,1.4644,440 (NEW),4126,2020,ECONOMICS,A,BUSINESS STUDIES,A,ACCOUNTING,A,040,A,new,22,December,2001,female
37527,ARTS,1.6617,251 (NEW),2923,2020,GEOGRAPHY,A,BUDDHIST CIVILIZATION,A,SINHALA,A,050,C,new,31,January,2002,female
37585,COMMERCE,1.5895,299 (NEW),2873,2020,ECONOMICS,A,BUSINESS STUDIES,A,ACCOUNTING,A,046,S,new,28,January,2002,female
37627,ARTS,1.6362,276 (NEW),3206,2020,GEOGRAPHY,A,HISTORY OF SRI LANKA & INDIA,A,BUDDHIST CIVILIZATION,A,032,A,new,10,April,2002,female
37689,ARTS,1.5328,391 (NEW),4575,2020,POLITICAL SCIENCE,A,HISTORY OF SRI LANKA & INDIA,A,ORIENTAL MUSIC,A,048,B,new,29,June,2001,female
38071,COMMERCE,1.3977,535 (NEW),4937,2020,ECONOMICS,A,BUSINESS STUDIES,A,ACCOUNTING,A,058,C,new,28,April,2001,female
38653,COMMERCE,1.6278,265 (NEW),2571,2020,ECONOMICS,A,BUSINESS STUDIES,A,ACCOUNTING,A,052,C,new,30,May,2001,female
38973,ARTS,1.6887,225 (NEW),2593,2020,POLITICAL SCIENCE,A,CHRISTIAN CIVILIZATION,A,SINHALA,A,054,B,new,12,April,2000,female
39507,COMMERCE,1.5422,353 (NEW),3322,2020,ECONOMICS,A,BUSINESS STUDIES,A,ACCOUNTING,A,062,C,new,27,November,2001,female
39526,COMMERCE,1.6346,259 (NEW),2516,2020,ECONOMICS,A,BUSINESS STUDIES,A,ACCOUNTING,A,048,C,new,8,July,2001,female
39535,COMMERCE,1.3818,562 (NEW),5118,2020,ECONOMICS,A,BUSINESS STUDIES,A,ACCOUNTING,A,046,S,new,12,January,2002,female
39610,COMMERCE,1.5469,348 (NEW),3290,2020,ECONOMICS,A,BUSINESS STUDIES,A,ACCOUNTING,A,056,S,new,13,November,2001,female
39648,ARTS,1.6338,281 (NEW),3244,2020,LOGIC & SCIENTIFIC METHOD,A,SINHALA,A,JAPANESE,A,036,C,new,11,September,2001,female
39685,ARTS,1.6624,248 (NEW),2916,2020,ECONOMICS,A,GEOGRAPHY,A,LOGIC & SCIENTIFIC METHOD,A,056,C,new,15,August,2001,male
39688,ARTS,1.3862,577 (NEW),7190,2020,GEOGRAPHY,A,ORIENTAL MUSIC,A,SINHALA,A,042,C,new,4,June,2001,female
39694,ARTS,1.5942,313 (NEW),3737,2020,ECONOMICS,A,POLITICAL SCIENCE,A,LOGIC & SCIENTIFIC METHOD,A,056,C,new,17,August,2001,female
39708,ARTS,1.5439,374 (NEW),4375,2020,POLITICAL SCIENCE,A,SINHALA,A,JAPANESE,A,044,S,new,15,July,2001,female
40881,COMMERCE,1.5372,357 (NEW),3379,2020,ECONOMICS,A,BUSINESS STUDIES,A,ACCOUNTING,A,048,S,new,15,January,2001,female
41340,COMMERCE,1.5721,319 (NEW),3037,2020,ECONOMICS,A,BUSINESS STUDIES,A,ACCOUNTING,A,052,C,new,30,January,2002,female
42072,ARTS,1.5777,329 (NEW),3934,2020,POLITICAL SCIENCE,A,BUDDHIST CIVILIZATION,A,SINHALA,A,034,F,new,21,August,2001,female
42381,COMMERCE,1.543,351 (NEW),3314,2020,ECONOMICS,A,BUSINESS STUDIES,A,ACCOUNTING,A,046,S,new,1,November,2001,female
42669,COMMERCE,1.4696,432 (NEW),4062,2020,ECONOMICS,A,BUSINESS STUDIES,A,ACCOUNTING,A,064,F,new,19,July,2001,male
43028,COMMERCE,1.5942,294 (NEW),2834,2020,ECONOMICS,A,BUSINESS STUDIES,A,ACCOUNTING,A,052,F,new,27,February,2001,female
43294,COMMERCE,1.4604,444 (NEW),4174,2020,ECONOMICS,A,BUSINESS STUDIES,A,ACCOUNTING,A,070,S,new,21,July,2001,male
43780,COMMERCE,1.5657,328 (NEW),3088,2020,ECONOMICS,A,BUSINESS STUDIES,A,ACCOUNTING,A,060,S,new,8,February,2001,female
43807,ARTS,1.6745,242 (NEW),2786,2020,POLITICAL SCIENCE,A,COMMUNICATION & MEDIA STUDIES,A,SINHALA,A,042,C,new,13,October,2001,female
43916,COMMERCE,1.3658,585 (NEW),5316,2020,ECONOMICS,A,BUSINESS STUDIES,A,ACCOUNTING,A,058,F,new,23,May,2001,male
44415,ARTS,1.5048,422 (NEW),5014,2020,POLITICAL SCIENCE,A,HISTORY OF SRI LANKA & INDIA,A,SINHALA,A,Absent,F,new,5,December,2000,female
44712,COMMERCE,1.577,309 (NEW),2985,2020,ECONOMICS,A,BUSINESS STUDIES,A,ACCOUNTING,A,048,C,new,30,September,2001,female
44714,COMMERCE,1.3859,553 (NEW),5063,2020,ECONOMICS,A,BUSINESS STUDIES,A,ACCOUNTING,A,050,S,new,10,November,2001,female
44725,COMMERCE,1.5638,332 (NEW),3114,2020,ECONOMICS,A,BUSINESS STUDIES,A,ACCOUNTING,A,046,C,new,13,July,2001,female
44738,COMMERCE,1.6265,269 (NEW),2588,2020,ECONOMICS,A,BUSINESS STUDIES,A,ACCOUNTING,A,062,B,new,30,December,2001,female
44739,COMMERCE,1.4957,409 (NEW),3814,2020,ECONOMICS,A,BUSINESS STUDIES,A,ACCOUNTING,A,054,B,new,31,December,2001,female
44740,COMMERCE,1.412,511 (NEW),4744,2020,ECONOMICS,A,BUSINESS STUDIES,A,ACCOUNTING,A,048,A,new,2,November,2001,female
44746,COMMERCE,1.5969,291 (NEW),2809,2020,ECONOMICS,A,BUSINESS STUDIES,A,ACCOUNTING,A,054,C,new,3,December,2001,female
44748,COMMERCE,1.568,325 (NEW),3074,2020,ECONOMICS,A,BUSINESS STATISTICS,A,ACCOUNTING,A,056,A,new,15,January,2002,female
44787,COMMERCE,1.498,406 (NEW),3786,2020,ECONOMICS,A,BUSINESS STUDIES,A,ACCOUNTING,A,062,C,new,12,June,2001,female
44802,COMMERCE,1.5026,393 (NEW),3732,2020,ECONOMICS,A,BUSINESS STUDIES,A,ACCOUNTING,A,048,C,new,14,January,2002,female
44812,COMMERCE,1.5302,363 (NEW),3441,2020,ECONOMICS,A,BUSINESS STUDIES,A,ACCOUNTING,A,052,C,new,25,January,2002,female
44820,COMMERCE,1.5742,317 (NEW),3015,2020,ECONOMICS,A,BUSINESS STUDIES,A,ACCOUNTING,A,056,C,new,2,February,2001,female
44842,COMMERCE,1.4991,403 (NEW),3773,2020,ECONOMICS,A,BUSINESS STUDIES,A,ACCOUNTING,A,054,C,new,1,March,2001,female
45000,ARTS,1.6762,235 (NEW),2753,2020,ECONOMICS,A,GEOGRAPHY,A,DANCING(INDIGENOUS),A,034,B,new,3,September,2001,female
45009,ARTS,1.6301,286 (NEW),3291,2020,GEOGRAPHY,A,POLITICAL SCIENCE,A,LOGIC & SCIENTIFIC METHOD,A,Absent,Absent,new,30,April,2000,female
45066,ARTS,1.4991,435 (NEW),5108,2020,ECONOMICS,A,POLITICAL SCIENCE,A,SINHALA,A,Absent,Absent,new,29,June,2000,female
45111,ARTS,1.6552,255 (NEW),2988,2020,HISTORY OF SRI LANKA & EUROPE,A,COMMUNICATION & MEDIA STUDIES,A,JAPANESE,A,028,S,new,11,November,2000,female
45492,COMMERCE,1.5184,380 (NEW),3555,2020,ECONOMICS,A,BUSINESS STUDIES,A,ACCOUNTING,A,050,C,new,21,October,2001,female
45507,COMMERCE,1.5207,376 (NEW),3531,2020,ECONOMICS,A,BUSINESS STUDIES,A,ACCOUNTING,A,054,A,new,20,March,2001,female
45520,COMMERCE,1.5032,392 (NEW),3721,2020,ECONOMICS,A,BUSINESS STUDIES,A,ACCOUNTING,A,060,C,new,22,July,2001,female
45541,COMMERCE,1.491,412 (NEW),3852,2020,ECONOMICS,A,BUSINESS STUDIES,A,ACCOUNTING,A,046,C,new,16,February,2001,female
45554,ARTS,1.6961,222 (NEW),2507,2020,COMMUNICATION & MEDIA STUDIES,A,DRAMA AND THEATRE (SINHALA),A,SINHALA,A,030,S,new,9,May,2001,female
45556,COMMERCE,1.4467,462 (NEW),4332,2020,ECONOMICS,A,BUSINESS STUDIES,A,ACCOUNTING,A,Absent,F,new,31,August,2000,female
45691,ARTS,1.6532,258 (NEW),3014,2020,HISTORY OF SRI LANKA & INDIA,A,COMMUNICATION & MEDIA STUDIES,A,SINHALA,A,048,S,new,25,April,2001,female
45964,COMMERCE,1.5235,373 (NEW),3510,2020,ECONOMICS,A,BUSINESS STUDIES,A,ACCOUNTING,A,Absent,S,new,8,August,2000,male
46244,COMMERCE,1.3949,541 (NEW),4973,2020,ECONOMICS,A,BUSINESS STUDIES,A,ACCOUNTING,A,052,C,new,1,March,2001,male
46603,COMMERCE,1.6186,273 (NEW),2646,2020,ECONOMICS,A,BUSINESS STUDIES,A,ACCOUNTING,A,060,S,new,25,December,2001,male
46684,COMMERCE,1.391,543 (NEW),5006,2020,ECONOMICS,A,BUSINESS STUDIES,A,ACCOUNTING,A,048,C,new,1,December,2001,female
47369,ARTS,1.5207,407 (NEW),4766,2020,HISTORY OF SRI LANKA & INDIA,A,BUDDHIST CIVILIZATION,A,SINHALA,A,050,F,new,21,March,2001,female
47848,COMMERCE,1.5083,385 (NEW),3659,2020,ECONOMICS,A,BUSINESS STUDIES,A,ACCOUNTING,A,058,S,new,6,January,2002,female
47939,COMMERCE,1.5207,376 (NEW),3531,2020,ECONOMICS,A,BUSINESS STUDIES,A,ACCOUNTING,A,048,S,new,1,June,2001,female
48090,ARTS,1.682,227 (NEW),2676,2020,GEOGRAPHY,A,POLITICAL SCIENCE,A,HISTORY OF SRI LANKA & INDIA,A,040,S,new,9,July,2001,female
48394,COMMERCE,1.4764,425 (NEW),3996,2020,ECONOMICS,A,BUSINESS STUDIES,A,ACCOUNTING,A,Absent,B,new,20,November,2000,female
48456,ARTS,1.5796,326 (NEW),3907,2020,GEOGRAPHY,A,BUDDHIST CIVILIZATION,A,SINHALA,A,Absent,S,new,15,March,2000,female
48556,COMMERCE,1.5747,316 (NEW),3009,2020,ECONOMICS,A,BUSINESS STUDIES,A,ACCOUNTING,A,052,C,new,6,November,2001,female
48601,COMMERCE,1.6272,268 (NEW),2580,2020,ECONOMICS,A,BUSINESS STUDIES,A,ACCOUNTING,A,058,C,new,15,July,2001,female
48694,ARTS,1.4781,464 (NEW),5491,2020,POLITICAL SCIENCE,A,ORIENTAL MUSIC,A,SINHALA,A,036,F,new,10,June,2000,female
49877,COMMERCE,1.6038,286 (NEW),2757,2020,ECONOMICS,A,BUSINESS STUDIES,A,ACCOUNTING,A,054,C,new,4,September,2001,female
49880,COMMERCE,1.5982,290 (NEW),2799,2020,ECONOMICS,A,BUSINESS STUDIES,A,ACCOUNTING,A,058,C,new,25,February,2000,female
49919,COMMERCE,1.5319,362 (NEW),3421,2020,ECONOMICS,A,BUSINESS STUDIES,A,ACCOUNTING,A,044,S,new,18,April,2001,female
49940,COMMERCE,1.5702,322 (NEW),3058,2020,ECONOMICS,A,BUSINESS STUDIES,A,ACCOUNTING,A,066,B,new,12,December,2001,female
49947,COMMERCE,1.6055,282 (NEW),2748,2020,ECONOMICS,A,BUSINESS STUDIES,A,ACCOUNTING,A,050,B,new,10,November,2001,female
50464,ARTS,1.6113,297 (NEW),3518,2020,POLITICAL SCIENCE,A,HISTORY OF SRI LANKA & EUROPE,A,SINHALA,A,044,A,new,10,April,2001,male
50465,COMMERCE,1.4433,468 (NEW),4374,2020,ECONOMICS,A,BUSINESS STUDIES,A,ACCOUNTING,A,050,C,new,3,November,2001,female
50526,COMMERCE,1.6357,257 (NEW),2505,2020,ECONOMICS,A,BUSINESS STUDIES,A,ACCOUNTING,A,046,A,new,24,August,2000,male
50827,COMMERCE,1.6057,281 (NEW),2747,2020,ECONOMICS,A,BUSINESS STUDIES,A,ACCOUNTING,A,038,C,new,31,July,2001,female
50889,ARTS,1.4319,521 (NEW),6347,2020,GEOGRAPHY,A,COMMUNICATION & MEDIA STUDIES,A,CHRISTIANITY,A,034,A,new,19,November,2001,female
51081,COMMERCE,1.4798,423 (NEW),3967,2020,ECONOMICS,A,BUSINESS STUDIES,A,ACCOUNTING,A,050,C,new,27,February,2001,female
51139,COMMERCE,1.5755,313 (NEW),2999,2020,ECONOMICS,A,BUSINESS STUDIES,A,ACCOUNTING,A,052,S,new,14,August,2001,female
51218,COMMERCE,1.4837,416 (NEW),3927,2020,ECONOMICS,A,BUSINESS STUDIES,A,ACCOUNTING,A,050,S,new,28,December,2001,male
51538,COMMERCE,1.5634,333 (NEW),3116,2020,ECONOMICS,A,BUSINESS STUDIES,A,ACCOUNTING,A,056,A,new,26,March,2001,female
51601,COMMERCE,1.5786,308 (NEW),2968,2020,ECONOMICS,A,BUSINESS STUDIES,A,ACCOUNTING,A,056,S,new,28,June,2001,male
51720,ARTS,1.621,293 (NEW),3392,2020,POLITICAL SCIENCE,A,HISTORY OF SRI LANKA & INDIA,A,SINHALA,A,036,C,new,4,January,2002,female
51754,COMMERCE,1.391,543 (NEW),5006,2020,ECONOMICS,A,BUSINESS STUDIES,A,ACCOUNTING,A,042,C,new,10,June,2001,female
51885,COMMERCE,1.5704,321 (NEW),3055,2020,ECONOMICS,A,BUSINESS STUDIES,A,ACCOUNTING,A,038,S,new,17,November,2001,female
52075,COMMERCE,1.3238,637 (NEW),5846,2020,ECONOMICS,A,BUSINESS STUDIES,A,ACCOUNTING,A,056,A,new,27,May,2001,female
52082,COMMERCE,1.3898,547 (NEW),5017,2020,ECONOMICS,A,BUSINESS STUDIES,A,ACCOUNTING,A,046,S,new,26,July,2001,female
52239,COMMERCE,1.5377,356 (NEW),3372,2020,ECONOMICS,A,BUSINESS STUDIES,A,ACCOUNTING,A,054,B,new,17,December,2001,male
52475,COMMERCE,1.4758,426 (NEW),4001,2020,ECONOMICS,A,BUSINESS STUDIES,A,ACCOUNTING,A,026,S,new,24,October,2001,male
52916,COMMERCE,1.4837,416 (NEW),3927,2020,ECONOMICS,A,BUSINESS STUDIES,A,ACCOUNTING,A,024,A,new,28,June,2001,male
52954,ARTS,1.5113,419 (NEW),4921,2020,ECONOMICS,A,GEOGRAPHY,A,TAMIL,A,038,C,new,11,December,2001,female
53247,COMMERCE,1.4921,411 (NEW),3841,2020,ECONOMICS,A,BUSINESS STUDIES,A,ACCOUNTING,A,052,A,new,24,May,2001,female
53314,COMMERCE,1.5958,292 (NEW),2817,2020,ECONOMICS,A,BUSINESS STUDIES,A,ACCOUNTING,A,066,B,new,10,July,2001,female
53486,COMMERCE,1.6044,283 (NEW),2754,2020,ECONOMICS,A,BUSINESS STUDIES,A,ACCOUNTING,A,044,S,new,29,March,2000,male
53911,ARTS,1.4238,529 (NEW),6491,2020,COMMUNICATION & MEDIA STUDIES,A,ORIENTAL MUSIC,A,SINHALA,A,054,B,new,12,September,2001,female
54003,COMMERCE,1.5764,311 (NEW),2991,2020,ECONOMICS,A,BUSINESS STUDIES,A,ACCOUNTING,A,056,B,new,7,July,2001,male
54096,ARTS,1.662,250 (NEW),2919,2020,GEOGRAPHY,A,POLITICAL SCIENCE,A,HISTORY OF SRI LANKA & EUROPE,A,Absent,Absent,new,9,August,2000,female
54175,COMMERCE,1.5445,350 (NEW),3300,2020,ECONOMICS,A,BUSINESS STUDIES,A,ACCOUNTING,A,046,C,new,8,February,2001,male
54208,COMMERCE,1.4405,472 (NEW),4416,2020,ECONOMICS,A,BUSINESS STUDIES,A,ACCOUNTING,A,044,C,new,19,September,2001,male
54389,COMMERCE,1.5276,368 (NEW),3459,2020,ECONOMICS,A,BUSINESS STUDIES,A,ACCOUNTING,A,066,S,new,13,June,2001,male
54405,COMMERCE,1.626,270 (NEW),2596,2020,ECONOMICS,A,BUSINESS STUDIES,A,ACCOUNTING,A,058,S,new,22,June,2000,male
54421,COMMERCE,1.5246,370 (NEW),3500,2020,ECONOMICS,A,BUSINESS STUDIES,A,ACCOUNTING,A,Absent,F,new,28,June,2000,male
54425,COMMERCE,1.4377,480 (NEW),4449,2020,ECONOMICS,A,BUSINESS STUDIES,A,ACCOUNTING,A,Absent,F,new,24,December,2000,male
54625,COMMERCE,1.5572,337 (NEW),3184,2020,ECONOMICS,A,BUSINESS STUDIES,A,ACCOUNTING,A,058,A,new,29,October,2001,female
54848,COMMERCE,1.6316,261 (NEW),2548,2020,ECONOMICS,A,BUSINESS STUDIES,A,ACCOUNTING,A,052,B,new,13,May,2001,male
54884,COMMERCE,1.5811,306 (NEW),2944,2020,ECONOMICS,A,BUSINESS STUDIES,A,ACCOUNTING,A,060,C,new,25,May,2001,male
54935,COMMERCE,1.6175,276 (NEW),2655,2020,ECONOMICS,A,BUSINESS STUDIES,A,ACCOUNTING,A,060,F,new,19,June,2001,male
55123,COMMERCE,1.5866,301 (NEW),2896,2020,ECONOMICS,A,BUSINESS STUDIES,A,ACCOUNTING,A,062,S,new,28,November,2001,female
55132,COMMERCE,1.5863,302 (NEW),2899,2020,ECONOMICS,A,BUSINESS STUDIES,A,ACCOUNTING,A,070,S,new,19,November,2001,female
55531,COMMERCE,1.5237,372 (NEW),3508,2020,ECONOMICS,A,BUSINESS STUDIES,A,ACCOUNTING,A,058,C,new,8,March,2001,female
55622,COMMERCE,1.428,491 (NEW),4557,2020,ECONOMICS,A,BUSINESS STUDIES,A,ACCOUNTING,A,052,S,new,3,January,2002,female
55814,COMMERCE,1.5464,349 (NEW),3292,2020,ECONOMICS,A,BUSINESS STUDIES,A,ACCOUNTING,A,040,A,new,22,May,2002,female
56001,COMMERCE,1.4552,450 (NEW),4221,2020,ECONOMICS,A,BUSINESS STUDIES,A,ACCOUNTING,A,Absent,B,new,4,January,2001,male
56093,ARTS,1.5525,363 (NEW),4262,2020,GEOGRAPHY,A,ISLAM,A,TAMIL,A,050,C,new,23,June,2001,female
56258,COMMERCE,1.4484,457 (NEW),4308,2020,ECONOMICS,A,BUSINESS STUDIES,A,ACCOUNTING,A,046,B,new,4,March,2001,female
56276,COMMERCE,1.4833,419 (NEW),3930,2020,ECONOMICS,A,BUSINESS STUDIES,A,ACCOUNTING,A,044,S,new,8,October,2001,female
56278,COMMERCE,1.4467,462 (NEW),4332,2020,ECONOMICS,A,BUSINESS STUDIES,A,ACCOUNTING,A,040,C,new,9,September,2001,female
56291,COMMERCE,1.5509,344 (NEW),3244,2020,ECONOMICS,A,BUSINESS STUDIES,A,ACCOUNTING,A,038,C,new,27,December,2001,female
56306,COMMERCE,1.5901,298 (NEW),2865,2020,ECONOMICS,A,BUSINESS STUDIES,A,ACCOUNTING,A,060,S,new,16,August,2001,female
56310,COMMERCE,1.4353,483 (NEW),4477,2020,ECONOMICS,A,BUSINESS STUDIES,A,ACCOUNTING,A,050,S,new,12,December,2001,female
56320,COMMERCE,1.5753,315 (NEW),3003,2020,ECONOMICS,A,BUSINESS STUDIES,A,ACCOUNTING,A,048,C,new,16,June,2001,female
56408,ARTS,1.2839,754 (NEW),9525,2020,GEOGRAPHY,A,ORIENTAL MUSIC,A,SINHALA,A,040,F,new,21,November,2001,female
56477,ARTS,1.6543,256 (NEW),2999,2020,GEOGRAPHY,A,DRAMA AND THEATRE (SINHALA),A,SINHALA,A,036,A,new,27,February,2001,female
56485,ARTS,1.6092,298 (NEW),3536,2020,GEOGRAPHY,A,DANCING(INDIGENOUS),A,DRAMA AND THEATRE (SINHALA),A,050,F,new,17,August,2001,female
56847,COMMERCE,1.5417,354 (NEW),3327,2020,ECONOMICS,A,BUSINESS STUDIES,A,ACCOUNTING,A,036,B,new,27,September,2001,male
56956,COMMERCE,1.634,260 (NEW),2525,2020,ECONOMICS,A,BUSINESS STUDIES,A,ACCOUNTING,A,060,A,new,27,July,2001,female
56989,COMMERCE,1.5015,397 (NEW),3745,2020,ECONOMICS,A,BUSINESS STUDIES,A,ACCOUNTING,A,054,B,new,13,March,2001,female
57645,ARTS,1.6779,231 (NEW),2730,2020,HISTORY OF SRI LANKA & INDIA,A,BUDDHIST CIVILIZATION,A,SINHALA,A,040,F,new,10,March,2001,female
57967,COMMERCE,1.5736,318 (NEW),3023,2020,ECONOMICS,A,BUSINESS STUDIES,A,ACCOUNTING,A,Absent,S,new,17,April,2000,female
58621,ARTS,1.3916,571 (NEW),7090,2020,HISTORY OF SRI LANKA & INDIA,A,BUDDHIST CIVILIZATION,A,SINHALA,A,034,S,new,13,June,2001,female
58717,COMMERCE,1.5953,293 (NEW),2820,2020,ECONOMICS,A,BUSINESS STUDIES,A,ACCOUNTING,A,050,C,new,31,December,2001,female
58781,COMMERCE,1.5486,346 (NEW),3275,2020,ECONOMICS,A,BUSINESS STUDIES,A,ACCOUNTING,A,054,F,new,12,December,2001,male
59065,COMMERCE,1.5103,384 (NEW),3640,2020,ECONOMICS,A,BUSINESS STUDIES,A,ACCOUNTING,A,056,B,new,11,July,2000,female
59258,ARTS,1.4734,472 (NEW),5580,2020,HISTORY OF SRI LANKA & INDIA,A,BUDDHIST CIVILIZATION,A,SINHALA,A,042,S,new,16,May,2001,female
59376,ARTS,1.5476,369 (NEW),4321,2020,HISTORY OF SRI LANKA & INDIA,A,BUDDHIST CIVILIZATION,A,SINHALA,A,038,S,new,23,June,2001,female
59571,ARTS,1.4937,447 (NEW),5221,2020,HISTORY OF SRI LANKA & INDIA,A,BUDDHIST CIVILIZATION,A,SINHALA,A,Absent,F,new,16,July,2000,female
59860,ARTS,1.6516,259 (NEW),3028,2020,GEOGRAPHY,A,ART,A,DRAMA AND THEATRE (SINHALA),A,034,S,new,3,April,2001,female
59962,ARTS,1.6269,288 (NEW),3321,2020,POLITICAL SCIENCE,A,BUDDHIST CIVILIZATION,A,SINHALA,A,032,F,new,14,November,2001,female
59987,ARTS,1.5167,411 (NEW),4832,2020,GEOGRAPHY,A,ISLAM,A,ARABIC,A,044,C,new,1,November,2001,female
59994,ARTS,1.4644,481 (NEW),5733,2020,GEOGRAPHY,A,ISLAM,A,ARABIC,A,050,C,new,17,February,2001,female
60012,ARTS,1.3484,639 (NEW),8039,2020,GEOGRAPHY,A,ISLAM,A,ARABIC,A,050,S,new,22,April,1999,female
60059,ARTS,1.2439,823 (NEW),10442,2020,GEOGRAPHY,A,ISLAM,A,ARABIC,A,054,S,new,2,November,2001,female
60203,ARTS,1.6394,274 (NEW),3170,2020,GEOGRAPHY,A,HISTORY OF SRI LANKA & INDIA,A,BUDDHISM,A,052,F,new,20,April,1999,male
60734,ARTS,1.2872,594 (NEW),9444,2020,HISTORY OF SRI LANKA & INDIA,A,DANCING(INDIGENOUS),A,SINHALA,A,028,F,new,16,September,2001,female
60742,ARTS,1.6827,167 (NEW),2671,2020,GEOGRAPHY,A,DANCING(INDIGENOUS),A,SINHALA,A,030,S,new,12,June,2001,female
60752,ARTS,1.5159,304 (NEW),4842,2020,GEOGRAPHY,A,BUDDHIST CIVILIZATION,A,DANCING(INDIGENOUS),A,042,S,new,13,December,2001,female
60902,ARTS,1.5139,308 (NEW),4876,2020,GEOGRAPHY,A,HISTORY OF SRI LANKA & INDIA,A,BUDDHIST CIVILIZATION,A,052,S,new,15,August,2001,female
61096,COMMERCE,1.5265,288 (NEW),3473,2020,ECONOMICS,A,BUSINESS STUDIES,A,ACCOUNTING,A,052,B,new,6,July,2000,female
61183,ARTS,1.668,184 (NEW),2851,2020,POLITICAL SCIENCE,A,BUDDHIST CIVILIZATION,A,SINHALA,A,040,C,new,3,December,1992,male
62051,ARTS,1.6713,176 (NEW),2816,2020,POLITICAL SCIENCE,A,HISTORY OF SRI LANKA & INDIA,A,SINHALA,A,044,F,new,28,October,2001,female
62062,ARTS,1.5783,248 (NEW),3926,2020,GEOGRAPHY,A,HISTORY OF SRI LANKA & EUROPE,A,SINHALA,A,058,S,new,20,April,2001,female
62108,ARTS,1.6779,171 (NEW),2730,2020,POLITICAL SCIENCE,A,HISTORY OF SRI LANKA & INDIA,A,SINHALA,A,038,C,new,14,March,2001,female
62139,ARTS,1.6695,182 (NEW),2837,2020,HISTORY OF SRI LANKA & EUROPE,A,ORIENTAL MUSIC,A,SINHALA,A,048,C,new,28,September,2001,female
62146,ARTS,1.6967,153 (NEW),2502,2020,GEOGRAPHY,A,POLITICAL SCIENCE,A,HISTORY OF SRI LANKA & INDIA,A,056,S,new,17,May,2001,female
62161,ARTS,1.6694,183 (NEW),2840,2020,GEOGRAPHY,A,HISTORY OF SRI LANKA & INDIA,A,DANCING(INDIGENOUS),A,042,S,new,5,February,2001,female
62194,ARTS,1.3743,470 (NEW),7470,2020,HISTORY OF SRI LANKA & INDIA,A,BUDDHIST CIVILIZATION,A,SINHALA,A,050,S,new,28,September,2001,female
62220,COMMERCE,1.6306,223 (NEW),2551,2020,ECONOMICS,A,BUSINESS STUDIES,A,ACCOUNTING,A,064,S,new,13,June,2001,male
62228,COMMERCE,1.4364,354 (NEW),4464,2020,ECONOMICS,A,BUSINESS STUDIES,A,ACCOUNTING,A,038,S,new,26,April,2001,female
62243,COMMERCE,1.5588,271 (NEW),3167,2020,ECONOMICS,A,BUSINESS STUDIES,A,ACCOUNTING,A,050,S,new,1,July,2001,female
62247,COMMERCE,1.6202,230 (NEW),2638,2020,ECONOMICS,A,BUSINESS STUDIES,A,ACCOUNTING,A,070,C,new,17,October,2001,female
62252,COMMERCE,1.5957,243 (NEW),2818,2020,ECONOMICS,A,BUSINESS STUDIES,A,ACCOUNTING,A,064,C,new,22,February,2001,male
62253,COMMERCE,1.5623,267 (NEW),3126,2020,ECONOMICS,A,BUSINESS STUDIES,A,ACCOUNTING,A,068,B,new,19,December,2001,female
62261,COMMERCE,1.4923,315 (NEW),3838,2020,ECONOMICS,A,BUSINESS STUDIES,A,ACCOUNTING,A,062,C,new,3,April,2001,female
62270,COMMERCE,1.4011,388 (NEW),4890,2020,ECONOMICS,A,BUSINESS STUDIES,A,ACCOUNTING,A,060,C,new,13,August,2001,female
62284,COMMERCE,1.6344,220 (NEW),2519,2020,ECONOMICS,A,BUSINESS STUDIES,A,ACCOUNTING,A,046,S,new,22,August,2001,female
62305,COMMERCE,1.5792,256 (NEW),2961,2020,ECONOMICS,A,BUSINESS STUDIES,A,ACCOUNTING,A,040,S,new,8,April,2001,female
62344,COMMERCE,1.5178,297 (NEW),3565,2020,ECONOMICS,A,BUSINESS STUDIES,A,ACCOUNTING,A,058,B,new,12,July,2001,female
62389,COMMERCE,1.4086,384 (NEW),4792,2020,ECONOMICS,A,BUSINESS STUDIES,A,ACCOUNTING,A,Absent,Absent,new,12,March,2000,female
62400,COMMERCE,1.5293,285 (NEW),3448,2020,ECONOMICS,A,BUSINESS STUDIES,A,ACCOUNTING,A,Absent,Absent,new,3,March,2000,female
62627,COMMERCE,1.5111,303 (NEW),3635,2020,ECONOMICS,A,BUSINESS STUDIES,A,ACCOUNTING,A,058,F,new,28,April,2001,female
62876,COMMERCE,1.5991,240 (NEW),2795,2020,ECONOMICS,A,BUSINESS STUDIES,A,ACCOUNTING,A,Absent,S,new,5,September,2000,male
63843,COMMERCE,1.449,346 (NEW),4303,2020,ECONOMICS,A,BUSINESS STUDIES,A,ACCOUNTING,A,046,C,new,13,November,2001,female
63852,COMMERCE,1.4991,310 (NEW),3773,2020,ECONOMICS,A,BUSINESS STUDIES,A,ACCOUNTING,A,062,F,new,27,March,2001,female
63854,COMMERCE,1.5764,259 (NEW),2991,2020,ECONOMICS,A,BUSINESS STUDIES,A,ACCOUNTING,A,048,S,new,23,January,2002,female
63859,COMMERCE,1.6074,235 (NEW),2728,2020,ECONOMICS,A,BUSINESS STUDIES,A,ACCOUNTING,A,076,F,new,8,May,2001,male
63997,COMMERCE,1.5916,244 (NEW),2854,2020,ECONOMICS,A,BUSINESS STUDIES,A,ACCOUNTING,A,048,S,new,6,August,2001,female
64119,COMMERCE,1.5344,284 (NEW),3404,2020,ECONOMICS,A,BUSINESS STUDIES,A,ACCOUNTING,A,042,C,new,19,April,2001,female
64159,COMMERCE,1.5909,246 (NEW),2861,2020,ECONOMICS,A,BUSINESS STUDIES,A,ACCOUNTING,A,044,S,new,17,February,2001,female
64199,ARTS,1.4628,367 (NEW),5771,2020,COMMUNICATION & MEDIA STUDIES,A,ORIENTAL MUSIC,A,SINHALA,A,042,F,new,18,September,2001,female
64215,ARTS,1.6703,177 (NEW),2825,2020,HISTORY OF SRI LANKA & INDIA,A,BUDDHIST CIVILIZATION,A,SINHALA,A,Absent,Absent,new,17,January,2001,female
64306,COMMERCE,1.6117,232 (NEW),2692,2020,ECONOMICS,A,BUSINESS STUDIES,A,ACCOUNTING,A,Absent,S,new,30,December,2000,female
64346,ARTS,1.5159,304 (NEW),4842,2020,GEOGRAPHY,A,HISTORY OF SRI LANKA & INDIA,A,SINHALA,A,042,S,new,26,December,2001,female
64394,COMMERCE,1.5715,263 (NEW),3044,2020,ECONOMICS,A,BUSINESS STUDIES,A,ACCOUNTING,A,Absent,F,new,4,December,2000,female
64715,COMMERCE,1.3733,404 (NEW),5209,2020,ECONOMICS,A,BUSINESS STUDIES,A,ACCOUNTING,A,Absent,F,new,1,March,2000,female
64749,COMMERCE,1.6015,238 (NEW),2769,2020,ECONOMICS,A,BUSINESS STUDIES,A,ACCOUNTING,A,054,S,new,22,October,2001,female
64764,COMMERCE,1.4621,337 (NEW),4155,2020,ECONOMICS,A,BUSINESS STUDIES,A,ACCOUNTING,A,054,S,new,24,December,2001,female
65136,ARTS,1.3835,460 (NEW),7250,2020,HISTORY OF SRI LANKA & INDIA,A,DANCING(INDIGENOUS),A,SINHALA,A,040,F,new,24,April,2001,female
65221,COMMERCE,1.5856,249 (NEW),2906,2020,ECONOMICS,A,BUSINESS STUDIES,A,ACCOUNTING,A,050,F,new,8,April,2001,female
65689,COMMERCE,1.5651,266 (NEW),3097,2020,ECONOMICS,A,BUSINESS STUDIES,A,ACCOUNTING,A,054,S,new,15,April,2001,female
65886,ARTS,1.5363,285 (NEW),4510,2020,POLITICAL SCIENCE,A,BUDDHIST CIVILIZATION,A,SINHALA,A,040,F,new,23,March,2001,female
65898,ARTS,1.3056,569 (NEW),9022,2020,HISTORY OF SRI LANKA & INDIA,A,ORIENTAL MUSIC,A,SINHALA,A,044,F,new,2,November,2001,male
65942,ARTS,1.696,155 (NEW),2512,2020,POLITICAL SCIENCE,A,HISTORY OF SRI LANKA & INDIA,A,BUDDHIST CIVILIZATION,A,052,F,new,14,May,2001,male
65947,ARTS,1.6326,203 (NEW),3262,2020,POLITICAL SCIENCE,A,ORIENTAL MUSIC,A,SINHALA,A,052,F,new,17,February,2001,male
65969,ARTS,1.6408,197 (NEW),3158,2020,POLITICAL SCIENCE,A,BUDDHIST CIVILIZATION,A,SINHALA,A,046,F,new,5,July,2001,male
66019,ARTS,1.6803,169 (NEW),2702,2020,POLITICAL SCIENCE,A,HISTORY OF SRI LANKA & INDIA,A,SINHALA,A,048,F,new,13,December,2001,female
66051,COMMERCE,1.4711,330 (NEW),4049,2020,ECONOMICS,A,BUSINESS STUDIES,A,ACCOUNTING,A,Absent,Absent,new,4,August,2000,female
66105,ARTS,1.649,191 (NEW),3055,2020,ECONOMICS,A,HISTORY OF SRI LANKA & INDIA,A,SINHALA,A,032,F,new,14,June,2001,female
66119,ARTS,1.6264,209 (NEW),3327,2020,HISTORY OF SRI LANKA & INDIA,A,BUDDHIST CIVILIZATION,A,SINHALA,A,036,C,new,3,April,2001,female
66126,ARTS,1.3978,448 (NEW),6954,2020,HISTORY OF SRI LANKA & INDIA,A,DANCING(INDIGENOUS),A,SINHALA,A,058,S,new,13,September,2001,female
66133,COMMERCE,1.5741,261 (NEW),3019,2020,ECONOMICS,A,BUSINESS STUDIES,A,ACCOUNTING,A,052,Absent,new,14,May,2000,female
66399,ARTS,1.4313,409 (NEW),6362,2020,HISTORY OF SRI LANKA & INDIA,A,BUDDHIST CIVILIZATION,A,SINHALA,A,032,F,new,20,November,2000,female
66509,COMMERCE,1.4308,362 (NEW),4521,2020,ECONOMICS,A,BUSINESS STUDIES,A,ACCOUNTING,A,046,F,new,31,May,2001,male
66537,ARTS,1.6702,179 (NEW),2828,2020,POLITICAL SCIENCE,A,HISTORY OF SRI LANKA & INDIA,A,BUDDHIST CIVILIZATION,A,022,F,new,24,January,2002,female
66542,ARTS,1.5641,255 (NEW),4112,2020,HISTORY OF SRI LANKA & INDIA,A,BUDDHIST CIVILIZATION,A,SINHALA,A,036,F,new,25,May,2001,female
66592,COMMERCE,1.5987,241 (NEW),2797,2020,ECONOMICS,A,BUSINESS STUDIES,A,ACCOUNTING,A,056,C,new,9,June,2001,female
66746,ARTS,1.6276,208 (NEW),3314,2020,POLITICAL SCIENCE,A,BUDDHIST CIVILIZATION,A,SINHALA,A,034,C,new,29,March,2000,male
66771,ARTS,1.5478,274 (NEW),4320,2020,POLITICAL SCIENCE,A,HISTORY OF SRI LANKA & INDIA,A,BUDDHIST CIVILIZATION,A,Absent,Absent,new,4,May,2000,female
66823,COMMERCE,1.4855,320 (NEW),3911,2020,ECONOMICS,A,BUSINESS STUDIES,A,ACCOUNTING,A,046,S,new,22,April,2001,female
66872,COMMERCE,1.4497,344 (NEW),4292,2020,ECONOMICS,A,BUSINESS STUDIES,A,ACCOUNTING,A,048,S,new,2,August,2001,male
67419,ARTS,1.679,170 (NEW),2717,2020,POLITICAL SCIENCE,A,HISTORY OF SRI LANKA & INDIA,A,SINHALA,A,036,A,new,4,July,2001,female
67538,ARTS,1.6833,166 (NEW),2661,2020,GEOGRAPHY,A,POLITICAL SCIENCE,A,SINHALA,A,046,F,new,11,January,2002,female
67562,ARTS,1.5706,251 (NEW),4019,2020,ECONOMICS,A,HISTORY OF SRI LANKA & INDIA,A,DANCING(INDIGENOUS),A,052,F,new,20,June,2001,female
67721,COMMERCE,1.6261,225 (NEW),2591,2020,ECONOMICS,A,BUSINESS STUDIES,A,ACCOUNTING,A,062,F,new,21,October,2000,male
67836,COMMERCE,1.5725,262 (NEW),3033,2020,ECONOMICS,A,BUSINESS STUDIES,A,ACCOUNTING,A,Absent,Absent,new,17,November,2000,female
67842,COMMERCE,1.5527,274 (NEW),3228,2020,ECONOMICS,A,BUSINESS STUDIES,A,ACCOUNTING,A,Absent,Absent,new,9,June,2000,female
67858,COMMERCE,1.4371,353 (NEW),4454,2020,ECONOMICS,A,BUSINESS STUDIES,A,ACCOUNTING,A,Absent,Absent,new,30,January,2001,female
68023,ARTS,1.3459,514 (NEW),8100,2020,HISTORY OF SRI LANKA & INDIA,A,DANCING(INDIGENOUS),A,SINHALA,A,042,F,new,24,December,2001,female
68047,ARTS,1.56,263 (NEW),4169,2020,HISTORY OF SRI LANKA & INDIA,A,BUDDHIST CIVILIZATION,A,SINHALA,A,044,Absent,new,25,April,2000,female
68075,COMMERCE,1.5589,270 (NEW),3165,2020,ECONOMICS,A,BUSINESS STUDIES,A,ACCOUNTING,A,064,F,new,5,November,2001,male
68115,COMMERCE,1.5897,247 (NEW),2870,2020,ECONOMICS,A,BUSINESS STUDIES,A,ACCOUNTING,A,058,F,new,27,April,2001,female
68742,ARTS,1.4907,334 (NEW),5275,2020,HISTORY OF SRI LANKA & INDIA,A,BUDDHIST CIVILIZATION,A,SINHALA,A,030,F,new,8,December,2000,female
69311,ARTS,1.4857,341 (NEW),5352,2020,ECONOMICS,A,GEOGRAPHY,A,HISTORY OF SRI LANKA & INDIA,A,Absent,F,new,15,October,2000,female
69674,COMMERCE,1.6226,228 (NEW),2624,2020,ECONOMICS,A,BUSINESS STUDIES,A,ACCOUNTING,A,054,C,new,16,November,2001,female
69838,ARTS,1.334,528 (NEW),8366,2020,ECONOMICS,A,HISTORY OF SRI LANKA & INDIA,A,SINHALA,A,040,S,new,4,October,2001,female
70404,COMMERCE,1.5621,268 (NEW),3129,2020,ECONOMICS,A,BUSINESS STUDIES,A,ACCOUNTING,A,056,B,new,28,May,2001,female
70626,COMMERCE,1.4409,349 (NEW),4408,2020,ECONOMICS,A,BUSINESS STUDIES,A,ACCOUNTING,A,042,C,new,21,October,2001,female
70715,COMMERCE,1.5776,257 (NEW),2979,2020,ECONOMICS,A,BUSINESS STUDIES,A,ACCOUNTING,A,050,B,new,5,May,2001,female
70775,COMMERCE,1.5417,277 (NEW),3327,2020,ECONOMICS,A,BUSINESS STUDIES,A,ACCOUNTING,A,054,S,new,3,June,2001,male
71281,ARTS,1.4283,411 (NEW),6400,2020,HISTORY OF SRI LANKA & INDIA,A,BUDDHIST CIVILIZATION,A,SINHALA,A,034,S,new,28,April,2001,female
71732,COMMERCE,1.5122,302 (NEW),3621,2020,ECONOMICS,A,BUSINESS STUDIES,A,ACCOUNTING,A,050,A,new,9,September,2001,male
71762,COMMERCE,1.6231,227 (NEW),2621,2020,ECONOMICS,A,BUSINESS STUDIES,A,ACCOUNTING,A,070,C,new,27,November,2001,male
71921,ARTS,1.4778,349 (NEW),5497,2020,POLITICAL SCIENCE,A,HISTORY OF SRI LANKA & INDIA,A,SINHALA,A,052,S,new,31,December,2001,male
71984,COMMERCE,1.4137,380 (NEW),4728,2020,ECONOMICS,A,BUSINESS STUDIES,A,ACCOUNTING,A,056,F,new,20,December,2001,female
71991,COMMERCE,1.4018,387 (NEW),4883,2020,ECONOMICS,A,BUSINESS STUDIES,A,ACCOUNTING,A,060,B,new,25,May,2001,female
72010,COMMERCE,1.525,291 (NEW),3494,2020,ECONOMICS,A,BUSINESS STUDIES,A,ACCOUNTING,A,048,C,new,9,October,2001,female
72014,COMMERCE,1.3613,410 (NEW),5366,2020,ECONOMICS,A,BUSINESS STUDIES,A,ACCOUNTING,A,040,C,new,13,June,2001,female
72111,COMMERCE,1.5355,283 (NEW),3398,2020,ECONOMICS,A,BUSINESS STUDIES,A,ACCOUNTING,A,070,B,new,8,August,2001,female
72122,COMMERCE,1.4143,378 (NEW),4723,2020,ECONOMICS,A,BUSINESS STUDIES,A,ACCOUNTING,A,042,F,new,22,July,2001,female
72133,COMMERCE,1.6049,236 (NEW),2751,2020,ECONOMICS,A,BUSINESS STUDIES,A,ACCOUNTING,A,050,C,new,29,November,2001,female
72142,ARTS,1.4691,359 (NEW),5654,2020,GEOGRAPHY,A,HISTORY OF SRI LANKA & INDIA,A,SINHALA,A,032,F,new,19,February,2001,female
72175,ARTS,1.6478,192 (NEW),3069,2020,ECONOMICS,A,GEOGRAPHY,A,JAPANESE,A,044,C,new,7,August,2001,female
72218,COMMERCE,1.5794,254 (NEW),2956,2020,ECONOMICS,A,BUSINESS STUDIES,A,ACCOUNTING,A,064,S,new,22,September,2001,female
72257,COMMERCE,1.634,221 (NEW),2525,2020,ECONOMICS,A,BUSINESS STUDIES,A,ACCOUNTING,A,066,C,new,12,January,2002,female
73006,ARTS,1.5157,306 (NEW),4847,2020,GEOGRAPHY,A,ISLAM,A,ARABIC,A,048,C,new,24,July,2001,female
73360,ARTS,1.5834,246 (NEW),3863,2020,GEOGRAPHY,A,HISTORY OF SRI LANKA & INDIA,A,SINHALA,A,030,F,new,29,October,2001,female
73444,ARTS,1.6443,196 (NEW),3122,2020,GEOGRAPHY,A,POLITICAL SCIENCE,A,SINHALA,A,042,S,new,17,May,2001,female
73497,COMMERCE,1.5846,251 (NEW),2914,2020,ECONOMICS,A,BUSINESS STUDIES,A,ACCOUNTING,A,066,F,new,23,November,2001,female
73531,ARTS,1.5292,291 (NEW),4636,2020,POLITICAL SCIENCE,A,ORIENTAL MUSIC,A,SINHALA,A,042,S,new,19,December,2001,female
73537,ARTS,1.5858,244 (NEW),3829,2020,HISTORY OF SRI LANKA & INDIA,A,DANCING(INDIGENOUS),A,SINHALA,A,054,C,new,1,August,2001,female
73603,COMMERCE,1.5203,295 (NEW),3537,2020,ECONOMICS,A,BUSINESS STUDIES,A,ACCOUNTING,A,050,F,new,28,November,2001,female
73662,COMMERCE,1.5884,248 (NEW),2882,2020,ECONOMICS,A,BUSINESS STUDIES,A,ACCOUNTING,A,Absent,Absent,new,13,December,2000,female
73728,COMMERCE,1.6222,229 (NEW),2626,2020,ECONOMICS,A,BUSINESS STUDIES,A,ACCOUNTING,A,Absent,S,new,19,September,2000,male
73910,COMMERCE,1.58,253 (NEW),2951,2020,ECONOMICS,A,BUSINESS STUDIES,A,ACCOUNTING,A,Absent,S,new,17,March,2000,female
73911,COMMERCE,1.5981,242 (NEW),2800,2020,ECONOMICS,A,BUSINESS STUDIES,A,ACCOUNTING,A,048,F,new,14,December,2001,female
73923,COMMERCE,1.5539,273 (NEW),3220,2020,ECONOMICS,A,BUSINESS STUDIES,A,ACCOUNTING,A,068,S,new,8,December,2001,female
73943,COMMERCE,1.4354,355 (NEW),4475,2020,ECONOMICS,A,BUSINESS STUDIES,A,ACCOUNTING,A,064,A,new,8,June,2001,female
74020,COMMERCE,1.469,331 (NEW),4075,2020,ECONOMICS,A,BUSINESS STUDIES,A,ACCOUNTING,A,054,F,new,4,November,2001,female
74060,ARTS,1.6476,193 (NEW),3076,2020,GEOGRAPHY,A,HISTORY OF SRI LANKA & INDIA,A,COMMUNICATION & MEDIA STUDIES,A,050,S,new,9,September,2001,female
74108,ARTS,1.5625,259 (NEW),4134,2020,GEOGRAPHY,A,ISLAM,A,TAMIL,A,044,S,new,10,February,2001,female
74202,ARTS,1.6511,190 (NEW),3037,2020,POLITICAL SCIENCE,A,BUDDHIST CIVILIZATION,A,SINHALA,A,034,S,new,4,May,2001,female
74294,ARTS,1.4441,395 (NEW),6118,2020,GEOGRAPHY,A,HISTORY OF SRI LANKA & INDIA,A,SINHALA,A,044,S,new,22,November,2001,male
74319,COMMERCE,1.54,279 (NEW),3345,2020,ECONOMICS,A,BUSINESS STUDIES,A,ACCOUNTING,A,052,S,new,24,December,2001,female
74443,ARTS,1.4228,422 (NEW),6505,2020,POLITICAL SCIENCE,A,HISTORY OF SRI LANKA & INDIA,A,SINHALA,A,Absent,Absent,new,21,November,2000,female
74510,COMMERCE,1.5993,239 (NEW),2789,2020,ECONOMICS,A,BUSINESS STUDIES,A,ACCOUNTING,A,Absent,S,new,9,August,2000,female
74618,COMMERCE,1.4148,377 (NEW),4717,2020,ECONOMICS,A,BUSINESS STUDIES,A,ACCOUNTING,A,060,S,new,27,September,2001,male
75078,ARTS,1.5253,294 (NEW),4699,2020,POLITICAL SCIENCE,A,BUDDHIST CIVILIZATION,A,SINHALA,A,028,F,new,8,June,2001,female
75848,ARTS,1.5044,316 (NEW),5024,2020,POLITICAL SCIENCE,A,BUDDHIST CIVILIZATION,A,SINHALA,A,044,F,new,17,August,2001,female
75886,ARTS,1.4786,347 (NEW),5480,2020,ECONOMICS,A,POLITICAL SCIENCE,A,ISLAM,A,060,C,new,13,June,2000,female
75907,ARTS,1.69,159 (NEW),2579,2020,POLITICAL SCIENCE,A,BUDDHIST CIVILIZATION,A,SINHALA,A,040,F,new,10,October,2001,female
76095,COMMERCE,1.4764,325 (NEW),3996,2020,ECONOMICS,A,BUSINESS STUDIES,A,ACCOUNTING,A,044,A,new,4,September,2000,female
76321,COMMERCE,1.6021,237 (NEW),2764,2020,ECONOMICS,A,BUSINESS STUDIES,A,ACCOUNTING,A,056,C,new,20,January,2002,female
76336,COMMERCE,1.6078,234 (NEW),2724,2020,ECONOMICS,A,BUSINESS STUDIES,A,ACCOUNTING,A,040,S,new,6,November,2001,female
76533,ARTS,1.6585,186 (NEW),2950,2020,POLITICAL SCIENCE,A,ISLAM,A,ARABIC,A,064,A,new,10,September,2001,male
76554,ARTS,1.6374,199 (NEW),3195,2020,GEOGRAPHY,A,ISLAM,A,ARABIC,A,048,B,new,14,November,2001,male
76590,ARTS,1.6243,213 (NEW),3350,2020,POLITICAL SCIENCE,A,ISLAM,A,ARABIC,A,062,A,new,24,September,2001,male
76600,ARTS,1.4435,396 (NEW),6130,2020,GEOGRAPHY,A,ISLAMIC CIVILIZATION,A,ARABIC,A,038,S,new,26,February,2001,male
77452,ARTS,1.6554,204 (NEW),2985,2020,GEOGRAPHY,A,POLITICAL SCIENCE,A,SINHALA,A,Absent,S,new,26,January,2001,female
77513,ARTS,1.5253,325 (NEW),4699,2020,POLITICAL SCIENCE,A,BUDDHIST CIVILIZATION,A,SINHALA,A,042,F,new,4,December,2000,female
77553,ARTS,1.5917,266 (NEW),3762,2020,POLITICAL SCIENCE,A,BUDDHIST CIVILIZATION,A,SINHALA,A,042,S,new,24,June,2000,female
77859,COMMERCE,1.454,324 (NEW),4234,2020,ECONOMICS,A,BUSINESS STUDIES,A,ACCOUNTING,A,Absent,S,new,7,April,2000,female
78185,COMMERCE,1.6323,212 (NEW),2539,2020,ECONOMICS,A,BUSINESS STUDIES,A,ACCOUNTING,A,048,S,new,3,June,2001,female
78284,COMMERCE,1.6083,225 (NEW),2721,2020,ECONOMICS,A,BUSINESS STUDIES,A,ACCOUNTING,A,050,C,new,21,May,2001,female
78295,COMMERCE,1.4899,299 (NEW),3866,2020,ECONOMICS,A,BUSINESS STUDIES,A,ACCOUNTING,A,054,S,new,27,August,2001,female
78310,COMMERCE,1.5086,288 (NEW),3656,2020,ECONOMICS,A,BUSINESS STUDIES,A,ACCOUNTING,A,052,C,new,10,October,2001,female
78323,COMMERCE,1.5931,231 (NEW),2845,2020,ECONOMICS,A,BUSINESS STUDIES,A,ACCOUNTING,A,058,C,new,28,July,2001,female
78339,COMMERCE,1.5587,260 (NEW),3168,2020,ECONOMICS,A,BUSINESS STUDIES,A,ACCOUNTING,A,042,S,new,29,May,2001,female
78547,COMMERCE,1.5674,253 (NEW),3078,2020,ECONOMICS,A,BUSINESS STUDIES,A,ACCOUNTING,A,056,C,new,18,August,2000,female
78641,ARTS,1.54,316 (NEW),4442,2020,ECONOMICS,A,LOGIC & SCIENTIFIC METHOD,A,SINHALA,A,050,A,new,11,May,2000,female
78745,COMMERCE,1.5251,278 (NEW),3491,2020,ECONOMICS,A,BUSINESS STUDIES,A,ACCOUNTING,A,050,S,new,20,October,2001,male
78809,COMMERCE,1.573,247 (NEW),3025,2020,ECONOMICS,A,BUSINESS STUDIES,A,ACCOUNTING,A,054,B,new,17,December,2001,female
79610,ARTS,1.655,205 (NEW),2994,2020,GEOGRAPHY,A,POLITICAL SCIENCE,A,BUDDHIST CIVILIZATION,A,052,F,new,21,July,2000,female
79868,COMMERCE,1.4195,361 (NEW),4655,2020,ECONOMICS,A,BUSINESS STUDIES,A,ACCOUNTING,A,050,S,new,2,March,2001,male
79926,COMMERCE,1.5674,253 (NEW),3078,2020,ECONOMICS,A,BUSINESS STUDIES,A,ACCOUNTING,A,048,F,new,12,June,2001,male
80364,ARTS,1.6393,217 (NEW),3172,2020,GEOGRAPHY,A,ISLAM,A,TAMIL,A,040,B,new,21,November,2001,female
80757,COMMERCE,1.4951,296 (NEW),3818,2020,ECONOMICS,A,BUSINESS STUDIES,A,ACCOUNTING,A,056,C,new,19,June,2001,male
81188,ARTS,1.4498,410 (NEW),6005,2020,GEOGRAPHY,A,HISTORY OF SRI LANKA & INDIA,A,SINHALA,A,050,C,new,28,April,2001,female
81280,COMMERCE,1.5907,233 (NEW),2863,2020,ECONOMICS,A,BUSINESS STUDIES,A,ACCOUNTING,A,Absent,Absent,new,5,August,2000,female
81286,COMMERCE,1.507,289 (NEW),3670,2020,ECONOMICS,A,BUSINESS STUDIES,A,ACCOUNTING,A,Absent,Absent,new,9,January,2001,female
81290,COMMERCE,1.6136,223 (NEW),2684,2020,ECONOMICS,A,BUSINESS STUDIES,A,ACCOUNTING,A,Absent,Absent,new,16,September,2000,female
81335,COMMERCE,1.6085,224 (NEW),2715,2020,ECONOMICS,A,BUSINESS STUDIES,A,ACCOUNTING,A,Absent,Absent,new,2,August,2000,female
81537,COMMERCE,1.5441,266 (NEW),3302,2020,ECONOMICS,A,BUSINESS STUDIES,A,ACCOUNTING,A,044,S,new,17,November,2001,female
81540,COMMERCE,1.5049,292 (NEW),3695,2020,ECONOMICS,A,BUSINESS STUDIES,A,ACCOUNTING,A,042,C,new,23,June,2001,female
81562,COMMERCE,1.4848,304 (NEW),3918,2020,ECONOMICS,A,BUSINESS STUDIES,A,ACCOUNTING,A,052,A,new,21,December,2000,female
81916,COMMERCE,1.4786,306 (NEW),3974,2020,ECONOMICS,A,BUSINESS STUDIES,A,ACCOUNTING,A,052,S,new,28,September,2001,female
82002,COMMERCE,1.5861,238 (NEW),2902,2020,ECONOMICS,A,BUSINESS STUDIES,A,ACCOUNTING,A,050,C,new,28,February,2001,female
82021,COMMERCE,1.5821,242 (NEW),2937,2020,ECONOMICS,A,BUSINESS STUDIES,A,ACCOUNTING,A,056,C,new,15,December,2001,female
82025,COMMERCE,1.4536,327 (NEW),4242,2020,ECONOMICS,A,BUSINESS STUDIES,A,ACCOUNTING,A,064,S,new,22,July,2001,female
82028,ARTS,1.6661,198 (NEW),2870,2020,ECONOMICS,A,GEOGRAPHY,A,SINHALA,A,048,C,new,27,August,2001,female
82043,ARTS,1.3067,620 (NEW),9000,2020,GEOGRAPHY,A,DANCING(INDIGENOUS),A,SINHALA,A,050,A,new,28,January,2002,female
82051,ARTS,1.6809,186 (NEW),2693,2020,GEOGRAPHY,A,POLITICAL SCIENCE,A,SINHALA,A,040,C,new,7,October,2001,female
82056,ARTS,1.6559,203 (NEW),2983,2020,GEOGRAPHY,A,DANCING(INDIGENOUS),A,SINHALA,A,040,F,new,29,December,2001,female
82111,ARTS,1.5602,297 (NEW),4166,2020,ECONOMICS,A,GEOGRAPHY,A,SINHALA,A,044,C,new,2,January,2002,female
82188,ARTS,1.5091,341 (NEW),4944,2020,ECONOMICS,A,LOGIC & SCIENTIFIC METHOD,A,SINHALA,A,Absent,S,new,16,November,2000,female
82306,ARTS,1.5291,322 (NEW),4640,2020,POLITICAL SCIENCE,A,ORIENTAL MUSIC,A,SINHALA,A,Absent,F,new,9,April,2000,female
82317,COMMERCE,1.5066,290 (NEW),3674,2020,ECONOMICS,A,BUSINESS STUDIES,A,ACCOUNTING,A,060,C,new,9,November,2000,female
82326,COMMERCE,1.5948,230 (NEW),2826,2020,ECONOMICS,A,BUSINESS STUDIES,A,ACCOUNTING,A,Absent,Absent,new,26,March,2000,female
82333,COMMERCE,1.503,293 (NEW),3724,2020,ECONOMICS,A,BUSINESS STUDIES,A,ACCOUNTING,A,Absent,Absent,new,16,October,2000,female
82562,ARTS,1.5638,293 (NEW),4116,2020,POLITICAL SCIENCE,A,LOGIC & SCIENTIFIC METHOD,A,SINHALA,A,Absent,B,new,11,March,2000,female
82957,COMMERCE,1.5895,236 (NEW),2873,2020,ECONOMICS,A,BUSINESS STUDIES,A,ACCOUNTING,A,052,C,new,17,January,2002,male
83042,COMMERCE,1.6141,221 (NEW),2679,2020,ECONOMICS,A,BUSINESS STUDIES,A,ACCOUNTING,A,070,Absent,new,29,September,2001,male
83047,COMMERCE,1.6192,218 (NEW),2642,2020,ECONOMICS,A,BUSINESS STUDIES,A,ACCOUNTING,A,052,B,new,13,March,2001,male
83354,COMMERCE,1.5531,262 (NEW),3225,2020,ECONOMICS,A,BUSINESS STUDIES,A,ACCOUNTING,A,054,B,new,13,April,2000,male
83554,COMMERCE,1.4865,301 (NEW),3901,2020,ECONOMICS,A,BUSINESS STUDIES,A,ACCOUNTING,A,060,S,new,21,July,2001,male
83656,COMMERCE,1.573,247 (NEW),3025,2020,ECONOMICS,A,BUSINESS STUDIES,A,ACCOUNTING,A,068,F,new,29,May,2001,male
83783,COMMERCE,1.589,237 (NEW),2879,2020,ECONOMICS,A,BUSINESS STUDIES,A,ACCOUNTING,A,050,S,new,20,September,2001,male
83928,COMMERCE,1.5299,277 (NEW),3443,2020,ECONOMICS,A,BUSINESS STUDIES,A,ACCOUNTING,A,Absent,B,new,31,July,2000,male
83968,COMMERCE,1.5407,269 (NEW),3334,2020,ECONOMICS,A,BUSINESS STUDIES,A,ACCOUNTING,A,Absent,Absent,new,24,September,2000,male
84202,COMMERCE,1.5822,241 (NEW),2935,2020,ECONOMICS,A,BUSINESS STUDIES,A,ACCOUNTING,A,056,S,new,17,July,2001,female
84243,COMMERCE,1.4234,357 (NEW),4618,2020,ECONOMICS,A,BUSINESS STUDIES,A,ACCOUNTING,A,052,S,new,1,December,2001,female
84461,ARTS,1.694,176 (NEW),2533,2020,GEOGRAPHY,A,POLITICAL SCIENCE,A,SINHALA,A,042,C,new,27,December,2000,female
84560,COMMERCE,1.6079,226 (NEW),2723,2020,ECONOMICS,A,BUSINESS STUDIES,A,ACCOUNTING,A,Absent,Absent,new,9,April,2000,female
84611,COMMERCE,1.6004,228 (NEW),2783,2020,ECONOMICS,A,BUSINESS STUDIES,A,ACCOUNTING,A,056,S,new,17,May,2001,female
84959,ARTS,1.6516,208 (NEW),3028,2020,GEOGRAPHY,A,ISLAM,A,TAMIL,A,036,S,new,11,December,2000,female
85329,ARTS,1.4634,393 (NEW),5756,2020,GEOGRAPHY,A,DANCING(INDIGENOUS),A,SINHALA,A,062,S,new,9,June,2001,female
85599,COMMERCE,1.512,285 (NEW),3623,2020,ECONOMICS,A,BUSINESS STUDIES,A,ACCOUNTING,A,046,F,new,3,June,2001,female
85893,COMMERCE,1.4608,319 (NEW),4169,2020,ECONOMICS,A,BUSINESS STUDIES,A,ACCOUNTING,A,042,S,new,15,November,2001,female
85919,COMMERCE,1.5798,244 (NEW),2954,2020,ECONOMICS,A,BUSINESS STUDIES,A,ACCOUNTING,A,046,F,new,31,October,2001,female
85950,COMMERCE,1.4884,300 (NEW),3881,2020,ECONOMICS,A,BUSINESS STUDIES,A,ACCOUNTING,A,Absent,F,new,29,June,2000,female
85982,COMMERCE,1.4706,310 (NEW),4053,2020,ECONOMICS,A,BUSINESS STUDIES,A,ACCOUNTING,A,032,F,new,16,November,2000,female
85986,ARTS,1.6187,242 (NEW),3434,2020,POLITICAL SCIENCE,A,BUDDHIST CIVILIZATION,A,SINHALA,A,058,F,new,5,August,2001,female
86104,COMMERCE,1.5436,267 (NEW),3307,2020,ECONOMICS,A,BUSINESS STUDIES,A,ACCOUNTING,A,028,Absent,new,13,February,2000,female
86249,COMMERCE,1.597,229 (NEW),2808,2020,ECONOMICS,A,BUSINESS STUDIES,A,ACCOUNTING,A,Absent,S,new,20,October,2000,male
86307,ARTS,1.6414,215 (NEW),3151,2020,POLITICAL SCIENCE,A,BUDDHIST CIVILIZATION,A,SINHALA,A,042,F,new,28,February,2000,female
86314,ARTS,1.6745,195 (NEW),2786,2020,POLITICAL SCIENCE,A,BUDDHIST CIVILIZATION,A,SINHALA,A,050,F,new,1,August,2001,male
86384,ARTS,1.5605,295 (NEW),4163,2020,POLITICAL SCIENCE,A,BUDDHIST CIVILIZATION,A,SINHALA,A,024,F,new,19,August,2000,male
86871,COMMERCE,1.506,291 (NEW),3681,2020,ECONOMICS,A,BUSINESS STUDIES,A,ACCOUNTING,A,048,C,new,14,December,2001,female
86908,ARTS,1.5426,311 (NEW),4397,2020,GEOGRAPHY,A,BUDDHIST CIVILIZATION,A,SINHALA,A,040,F,new,11,September,2001,female
87242,ARTS,1.6484,210 (NEW),3063,2020,POLITICAL SCIENCE,A,BUDDHIST CIVILIZATION,A,SINHALA,A,038,S,new,15,January,2001,female
87410,ARTS,1.6069,251 (NEW),3564,2020,GEOGRAPHY,A,POLITICAL SCIENCE,A,SINHALA,A,026,F,new,22,August,2001,female
87875,ARTS,1.5304,321 (NEW),4613,2020,GEOGRAPHY,A,POLITICAL SCIENCE,A,SINHALA,A,Absent,Absent,new,9,December,2000,female
87876,ARTS,1.657,202 (NEW),2970,2020,GEOGRAPHY,A,POLITICAL SCIENCE,A,SINHALA,A,Absent,Absent,new,9,December,2000,female
87907,ARTS,1.6233,233 (NEW),3361,2020,GEOGRAPHY,A,POLITICAL SCIENCE,A,SINHALA,A,046,S,new,4,August,2001,female
87917,ARTS,1.5843,270 (NEW),3849,2020,GEOGRAPHY,A,POLITICAL SCIENCE,A,SINHALA,A,040,F,new,10,September,2001,female
87919,ARTS,1.6271,231 (NEW),3318,2020,GEOGRAPHY,A,POLITICAL SCIENCE,A,SINHALA,A,038,F,new,13,February,2001,female
88120,ARTS,1.5714,285 (NEW),4006,2020,GEOGRAPHY,A,POLITICAL SCIENCE,A,SINHALA,A,040,S,new,31,March,2001,female
88323,COMMERCE,1.531,276 (NEW),3435,2020,ECONOMICS,A,BUSINESS STUDIES,A,ACCOUNTING,A,044,S,new,25,July,2001,male
88335,COMMERCE,1.6199,217 (NEW),2639,2020,ECONOMICS,A,BUSINESS STUDIES,A,ACCOUNTING,A,068,F,new,1,May,2001,male
88453,ARTS,1.566,289 (NEW),4077,2020,GEOGRAPHY,A,BUDDHIST CIVILIZATION,A,SINHALA,A,068,F,new,18,May,2001,male
88472,COMMERCE,1.6258,214 (NEW),2597,2020,ECONOMICS,A,BUSINESS STUDIES,A,ACCOUNTING,A,058,C,new,12,January,2002,female
88476,COMMERCE,1.5633,258 (NEW),3118,2020,ECONOMICS,A,BUSINESS STUDIES,A,ACCOUNTING,A,056,F,new,13,April,2001,female
88657,ARTS,1.6287,230 (NEW),3304,2020,GEOGRAPHY,A,BUDDHIST CIVILIZATION,A,SINHALA,A,038,F,new,16,February,2001,female
88658,ARTS,1.5912,267 (NEW),3770,2020,GEOGRAPHY,A,HISTORY OF SRI LANKA & INDIA,A,BUDDHIST CIVILIZATION,A,036,F,new,30,July,2001,female
88667,COMMERCE,1.585,239 (NEW),2910,2020,ECONOMICS,A,BUSINESS STUDIES,A,ACCOUNTING,A,060,S,new,9,April,2001,female
88672,ARTS,1.6091,249 (NEW),3537,2020,GEOGRAPHY,A,BUDDHIST CIVILIZATION,A,SINHALA,A,044,S,new,1,July,2001,female
88688,ARTS,1.5415,313 (NEW),4412,2020,POLITICAL SCIENCE,A,BUDDHIST CIVILIZATION,A,SINHALA,A,044,F,new,21,April,2001,female
88712,COMMERCE,1.623,215 (NEW),2622,2020,ECONOMICS,A,BUSINESS STUDIES,A,ACCOUNTING,A,054,S,new,15,December,2001,female
88931,COMMERCE,1.5406,270 (NEW),3337,2020,ECONOMICS,A,BUSINESS STUDIES,A,ACCOUNTING,A,Absent,Absent,new,21,January,2001,female
88932,COMMERCE,1.4512,328 (NEW),4274,2020,ECONOMICS,A,BUSINESS STUDIES,A,ACCOUNTING,A,Absent,S,new,15,September,2000,female
88944,COMMERCE,1.3459,420 (NEW),5571,2020,ECONOMICS,A,BUSINESS STUDIES,A,ACCOUNTING,A,054,A,new,14,February,2000,female
88987,COMMERCE,1.4347,342 (NEW),4489,2020,ECONOMICS,A,BUSINESS STUDIES,A,ACCOUNTING,A,Absent,Absent,new,25,January,2001,female
89000,COMMERCE,1.5128,284 (NEW),3613,2020,ECONOMICS,A,BUSINESS STUDIES,A,ACCOUNTING,A,Absent,Absent,new,1,December,2000,female
89531,COMMERCE,1.5137,282 (NEW),3604,2020,ECONOMICS,A,BUSINESS STUDIES,A,ACCOUNTING,A,048,F,new,19,February,2001,male
89556,ARTS,1.688,181 (NEW),2599,2020,COMMUNICATION & MEDIA STUDIES,A,DRAMA AND THEATRE (SINHALA),A,SINHALA,A,044,S,new,2,April,2001,female
89562,ARTS,1.5023,352 (NEW),5059,2020,GEOGRAPHY,A,BUDDHIST CIVILIZATION,A,SINHALA,A,034,S,new,11,September,2000,female
89564,ARTS,1.5969,260 (NEW),3698,2020,GEOGRAPHY,A,HISTORY OF SRI LANKA & INDIA,A,SINHALA,A,Absent,F,new,24,July,2000,male
89566,ARTS,1.4554,404 (NEW),5918,2020,POLITICAL SCIENCE,A,BUDDHIST CIVILIZATION,A,SINHALA,A,020,F,new,21,July,2000,female
89734,ARTS,1.4795,375 (NEW),5461,2020,POLITICAL SCIENCE,A,HISTORY OF SRI LANKA & INDIA,A,BUDDHIST CIVILIZATION,A,036,F,new,29,November,2001,female
89751,ARTS,1.6124,247 (NEW),3502,2020,GEOGRAPHY,A,POLITICAL SCIENCE,A,SINHALA,A,038,F,new,6,October,2001,female
89770,ARTS,1.6489,209 (NEW),3057,2020,GEOGRAPHY,A,POLITICAL SCIENCE,A,HISTORY OF SRI LANKA & INDIA,A,046,F,new,11,June,2001,male
89789,ARTS,1.5051,347 (NEW),5010,2020,POLITICAL SCIENCE,A,BUDDHIST CIVILIZATION,A,SINHALA,A,052,F,new,19,October,2000,female
89790,ARTS,1.6426,212 (NEW),3142,2020,POLITICAL SCIENCE,A,BUDDHIST CIVILIZATION,A,SINHALA,A,036,F,new,5,July,2000,female
90098,ARTS,1.6028,255 (NEW),3624,2020,GEOGRAPHY,A,BUDDHIST CIVILIZATION,A,SINHALA,A,034,F,new,18,July,2001,female
90211,ARTS,1.6418,213 (NEW),3148,2020,GEOGRAPHY,A,BUDDHIST CIVILIZATION,A,SINHALA,A,056,F,new,20,March,2001,female
90228,ARTS,1.404,470 (NEW),6841,2020,POLITICAL SCIENCE,A,BUDDHIST CIVILIZATION,A,SINHALA,A,028,F,new,16,March,2001,female
90597,COMMERCE,1.4274,351 (NEW),4566,2020,ECONOMICS,A,BUSINESS STUDIES,A,ACCOUNTING,A,048,F,new,1,October,2001,female
90648,ARTS,1.576,280 (NEW),3953,2020,GEOGRAPHY,A,DANCING(INDIGENOUS),A,SINHALA,A,030,S,new,7,September,2001,female
90674,ARTS,1.6539,206 (NEW),3006,2020,GEOGRAPHY,A,BUDDHIST CIVILIZATION,A,SINHALA,A,046,S,new,27,August,2001,female
90705,ARTS,1.5716,284 (NEW),4000,2020,GEOGRAPHY,A,POLITICAL SCIENCE,A,SINHALA,A,036,S,new,1,September,2000,female
90942,ARTS,1.6756,191 (NEW),2765,2020,GEOGRAPHY,A,BUDDHIST CIVILIZATION,A,SINHALA,A,036,F,new,8,June,2001,female
91521,COMMERCE,1.6147,220 (NEW),2675,2020,ECONOMICS,A,BUSINESS STUDIES,A,ACCOUNTING,A,054,S,new,20,April,2001,female
91522,COMMERCE,1.5777,245 (NEW),2977,2020,ECONOMICS,A,BUSINESS STUDIES,A,ACCOUNTING,A,058,C,new,5,August,2001,female
91554,COMMERCE,1.5525,264 (NEW),3230,2020,ECONOMICS,A,BUSINESS STUDIES,A,ACCOUNTING,A,046,F,new,16,April,2001,female
91572,COMMERCE,1.5719,249 (NEW),3039,2020,ECONOMICS,A,BUSINESS STUDIES,A,ACCOUNTING,A,050,B,new,7,May,2001,female
91627,COMMERCE,1.4103,365 (NEW),4759,2020,ECONOMICS,A,BUSINESS STUDIES,A,ACCOUNTING,A,070,C,new,15,May,2001,female
91631,COMMERCE,1.5755,246 (NEW),2999,2020,ECONOMICS,A,BUSINESS STUDIES,A,ACCOUNTING,A,066,S,new,16,December,2001,female
91753,COMMERCE,1.5925,232 (NEW),2851,2020,ECONOMICS,A,BUSINESS STUDIES,A,ACCOUNTING,A,Absent,Absent,new,24,November,2000,female
92348,COMMERCE,1.3756,389 (NEW),5183,2020,ECONOMICS,A,BUSINESS STUDIES,A,ACCOUNTING,A,054,S,new,11,June,2001,female
92543,ARTS,1.6147,245 (NEW),3476,2020,GEOGRAPHY,A,BUDDHIST CIVILIZATION,A,SINHALA,A,040,S,new,21,October,2001,female
92580,ARTS,1.5201,333 (NEW),4778,2020,POLITICAL SCIENCE,A,BUDDHIST CIVILIZATION,A,SINHALA,A,030,S,new,24,February,2001,female
92599,COMMERCE,1.5207,279 (NEW),3531,2020,ECONOMICS,A,BUSINESS STUDIES,A,ACCOUNTING,A,068,S,new,24,April,2001,female
92637,ARTS,1.664,199 (NEW),2892,2020,POLITICAL SCIENCE,A,BUDDHIST CIVILIZATION,A,SINHALA,A,036,S,new,20,February,2001,female
93306,COMMERCE,1.5167,280 (NEW),3572,2020,ECONOMICS,A,BUSINESS STUDIES,A,ACCOUNTING,A,060,S,new,8,January,2002,female
93320,ARTS,1.4629,394 (NEW),5768,2020,POLITICAL SCIENCE,A,BUDDHIST CIVILIZATION,A,SINHALA,A,030,F,new,9,September,2000,female
93583,ARTS,1.4071,466 (NEW),6792,2020,GEOGRAPHY,A,DANCING(INDIGENOUS),A,SINHALA,A,036,S,new,9,October,2000,female
93619,ARTS,1.6535,207 (NEW),3009,2020,POLITICAL SCIENCE,A,BUDDHIST CIVILIZATION,A,SINHALA,A,046,F,new,3,August,2001,female
93711,COMMERCE,1.469,313 (NEW),4075,2020,ECONOMICS,A,BUSINESS STUDIES,A,ACCOUNTING,A,Absent,C,new,20,August,2000,female
93723,ARTS,1.6763,190 (NEW),2752,2020,POLITICAL SCIENCE,A,HISTORY OF SRI LANKA & INDIA,A,SINHALA,A,052,F,new,8,February,2001,female
93859,ARTS,1.6391,218 (NEW),3175,2020,POLITICAL SCIENCE,A,BUDDHIST CIVILIZATION,A,SINHALA,A,034,F,new,16,November,2001,female
93928,ARTS,1.661,200 (NEW),2927,2020,HISTORY OF SRI LANKA & INDIA,A,BUDDHIST CIVILIZATION,A,SINHALA,A,054,S,new,17,October,1999,male
94434,ARTS,1.5556,223 (NEW),4227,2020,GEOGRAPHY,A,BUDDHIST CIVILIZATION,A,SINHALA,A,044,F,new,22,October,2001,female
94537,COMMERCE,1.4195,234 (NEW),4655,2020,ECONOMICS,A,BUSINESS STUDIES,A,ACCOUNTING,A,Absent,Absent,new,24,April,2000,female
94574,COMMERCE,1.5406,166 (NEW),3337,2020,ECONOMICS,A,BUSINESS STUDIES,A,ACCOUNTING,A,Absent,Absent,new,21,May,2000,female
94973,COMMERCE,1.4263,229 (NEW),4583,2020,ECONOMICS,A,BUSINESS STUDIES,A,ACCOUNTING,A,060,S,new,12,July,2001,female
95499,COMMERCE,1.6211,125 (NEW),2632,2020,ECONOMICS,A,BUSINESS STUDIES,A,ACCOUNTING,A,056,S,new,11,January,2002,male
95510,COMMERCE,1.5406,166 (NEW),3337,2020,ECONOMICS,A,BUSINESS STUDIES,A,ACCOUNTING,A,048,C,new,6,October,2001,male
95609,COMMERCE,1.5015,188 (NEW),3745,2020,ECONOMICS,A,BUSINESS STUDIES,A,ACCOUNTING,A,066,B,new,18,October,2001,male
95621,COMMERCE,1.4921,193 (NEW),3841,2020,ECONOMICS,A,BUSINESS STUDIES,A,ACCOUNTING,A,054,Absent,new,22,November,2001,male
95622,COMMERCE,1.6192,127 (NEW),2642,2020,ECONOMICS,A,BUSINESS STUDIES,A,ACCOUNTING,A,060,C,new,23,January,2002,male
95962,COMMERCE,1.4632,208 (NEW),4142,2020,ECONOMICS,A,BUSINESS STUDIES,A,ACCOUNTING,A,052,C,new,12,December,2000,male
96099,ARTS,1.6931,142 (NEW),2541,2020,COMMUNICATION & MEDIA STUDIES,A,BUDDHIST CIVILIZATION,A,SINHALA,A,050,A,new,25,September,1991,female
96108,COMMERCE,1.6113,131 (NEW),2694,2020,ECONOMICS,A,BUSINESS STUDIES,A,ACCOUNTING,A,054,S,new,5,August,2001,male
96809,ARTS,1.6542,164 (NEW),3003,2020,ECONOMICS,A,GEOGRAPHY,A,POLITICAL SCIENCE,A,042,S,new,17,August,2001,female
96812,ARTS,1.5195,254 (NEW),4783,2020,GEOGRAPHY,A,ORIENTAL MUSIC,A,SINHALA,A,042,S,new,7,October,2001,female
96839,ARTS,1.585,209 (NEW),3835,2020,ECONOMICS,A,GEOGRAPHY,A,SINHALA,A,044,C,new,6,June,2001,female
96872,ARTS,1.5556,223 (NEW),4227,2020,GEOGRAPHY,A,DANCING(INDIGENOUS),A,SINHALA,A,046,S,new,14,May,2001,female
96898,ARTS,1.6813,152 (NEW),2686,2020,GEOGRAPHY,A,POLITICAL SCIENCE,A,SINHALA,A,036,A,new,30,July,2001,female
96910,ARTS,1.6608,160 (NEW),2930,2020,POLITICAL SCIENCE,A,LOGIC & SCIENTIFIC METHOD,A,SINHALA,A,058,C,new,8,March,2001,female
96926,ARTS,1.6647,158 (NEW),2888,2020,COMMUNICATION & MEDIA STUDIES,A,CHINESE,A,JAPANESE,A,048,A,new,24,August,2001,female
96962,COMMERCE,1.588,141 (NEW),2885,2020,ECONOMICS,A,BUSINESS STUDIES,A,ACCOUNTING,A,060,B,new,4,May,2001,female
97080,COMMERCE,1.6265,122 (NEW),2588,2020,ECONOMICS,A,BUSINESS STUDIES,A,ACCOUNTING,A,048,S,new,28,September,2001,female
97101,COMMERCE,1.6254,124 (NEW),2601,2020,ECONOMICS,A,BUSINESS STUDIES,A,ACCOUNTING,A,054,C,new,23,September,2001,female
97406,COMMERCE,1.4707,204 (NEW),4051,2020,ECONOMICS,A,BUSINESS STUDIES,A,ACCOUNTING,A,Absent,Absent,new,21,March,2000,female
97407,COMMERCE,1.561,158 (NEW),3144,2020,ECONOMICS,A,BUSINESS STUDIES,A,ACCOUNTING,A,054,B,new,23,September,2000,female
98070,ARTS,1.5385,235 (NEW),4469,2020,BUDDHIST CIVILIZATION,A,SINHALA,A,PALI,A,048,F,new,13,May,2000,male
98088,ARTS,1.3705,388 (NEW),7541,2020,BUDDHISM,A,SINHALA,A,PALI,A,038,F,new,24,June,2000,male
98094,ARTS,1.3919,369 (NEW),7083,2020,BUDDHISM,A,SINHALA,A,PALI,A,028,F,new,19,July,1999,male
98250,ARTS,1.5939,202 (NEW),3740,2020,POLITICAL SCIENCE,A,BUDDHIST CIVILIZATION,A,SINHALA,A,036,S,new,15,June,2001,female
98274,COMMERCE,1.5957,138 (NEW),2818,2020,ECONOMICS,A,BUSINESS STUDIES,A,ACCOUNTING,A,046,C,new,10,January,2002,female
98415,COMMERCE,1.445,217 (NEW),4359,2020,ECONOMICS,A,BUSINESS STUDIES,A,ACCOUNTING,A,048,C,new,18,May,2001,female
98475,COMMERCE,1.6064,135 (NEW),2738,2020,ECONOMICS,A,BUSINESS STUDIES,A,ACCOUNTING,A,052,S,new,10,February,2001,female
98523,COMMERCE,1.4899,195 (NEW),3866,2020,ECONOMICS,A,BUSINESS STUDIES,A,ACCOUNTING,A,046,S,new,6,September,2001,female
98568,ARTS,1.5364,237 (NEW),4507,2020,LOGIC & SCIENTIFIC METHOD,A,BUDDHIST CIVILIZATION,A,SINHALA,A,040,S,new,6,July,2001,female
98843,COMMERCE,1.4899,195 (NEW),3866,2020,ECONOMICS,A,BUSINESS STUDIES,A,ACCOUNTING,A,Absent,Absent,new,5,August,2000,female
98881,COMMERCE,1.536,172 (NEW),3392,2020,ECONOMICS,A,BUSINESS STUDIES,A,ACCOUNTING,A,Absent,Absent,new,16,February,2000,female
98930,COMMERCE,1.5668,155 (NEW),3083,2020,ECONOMICS,A,BUSINESS STUDIES,A,ACCOUNTING,A,Absent,Absent,new,21,March,2000,female
100009,COMMERCE,1.5548,162 (NEW),3212,2020,ECONOMICS,A,BUSINESS STUDIES,A,ACCOUNTING,A,056,F,new,31,March,2000,female
100065,COMMERCE,1.5856,144 (NEW),2906,2020,ECONOMICS,A,BUSINESS STUDIES,A,ACCOUNTING,A,044,S,new,14,July,2000,female
100125,ARTS,1.5263,249 (NEW),4688,2020,GEOGRAPHY,A,ART,A,SINHALA,A,050,F,new,12,July,2001,female
100147,COMMERCE,1.58,148 (NEW),2951,2020,ECONOMICS,A,BUSINESS STUDIES,A,ACCOUNTING,A,Absent,Absent,new,2,July,2000,female
100251,COMMERCE,1.5203,183 (NEW),3537,2020,ECONOMICS,A,BUSINESS STUDIES,A,ACCOUNTING,A,054,B,new,8,November,2001,female
100633,ARTS,1.6233,181 (NEW),3361,2020,GEOGRAPHY,A,POLITICAL SCIENCE,A,SINHALA,A,052,F,new,10,February,2001,female
100731,COMMERCE,1.4018,246 (NEW),4883,2020,ECONOMICS,A,BUSINESS STUDIES,A,ACCOUNTING,A,058,F,new,13,May,2001,female
101593,ARTS,1.625,180 (NEW),3342,2020,GEOGRAPHY,A,ISLAMIC CIVILIZATION,A,TAMIL,A,052,C,new,5,February,2001,female
101722,COMMERCE,1.5846,145 (NEW),2914,2020,ECONOMICS,A,BUSINESS STUDIES,A,ACCOUNTING,A,050,C,new,3,January,2002,female
102088,ARTS,1.6591,161 (NEW),2943,2020,GEOGRAPHY,A,DANCING(INDIGENOUS),A,DRAMA AND THEATRE (SINHALA),A,036,F,new,28,October,2001,female
102119,ARTS,1.5949,200 (NEW),3730,2020,GEOGRAPHY,A,BUDDHIST CIVILIZATION,A,SINHALA,A,040,S,new,9,October,2001,female
102222,ARTS,1.3679,392 (NEW),7598,2020,GEOGRAPHY,A,POLITICAL SCIENCE,A,DANCING(INDIGENOUS),A,040,F,new,29,January,2002,female
102292,COMMERCE,1.6261,123 (NEW),2591,2020,ECONOMICS,A,BUSINESS STUDIES,A,ACCOUNTING,A,056,F,new,21,June,2001,male
102300,COMMERCE,1.527,178 (NEW),3464,2020,ECONOMICS,A,BUSINESS STUDIES,A,ACCOUNTING,A,046,S,new,26,December,2001,female
102304,COMMERCE,1.5582,160 (NEW),3175,2020,ECONOMICS,A,BUSINESS STUDIES,A,ACCOUNTING,A,054,F,new,19,May,2001,female
102317,COMMERCE,1.5094,184 (NEW),3647,2020,ECONOMICS,A,BUSINESS STUDIES,A,ACCOUNTING,A,056,S,new,3,October,2001,male
102356,COMMERCE,1.6357,115 (NEW),2505,2020,ECONOMICS,A,BUSINESS STUDIES,A,ACCOUNTING,A,052,S,new,3,January,2002,female
102554,COMMERCE,1.5839,146 (NEW),2921,2020,ECONOMICS,A,BUSINESS STUDIES,A,ACCOUNTING,A,Absent,S,new,14,November,2000,male
102677,ARTS,1.4963,277 (NEW),5176,2020,GEOGRAPHY,A,BUDDHIST CIVILIZATION,A,SINHALA,A,046,Absent,new,4,January,2001,male
103146,ARTS,1.4916,283 (NEW),5258,2020,ECONOMICS,A,POLITICAL SCIENCE,A,SINHALA,A,038,Absent,new,20,March,2000,female
103557,ARTS,1.5395,234 (NEW),4451,2020,GEOGRAPHY,A,BUDDHIST CIVILIZATION,A,SINHALA,A,050,F,new,11,February,2001,female
103795,ARTS,1.6809,153 (NEW),2693,2020,GEOGRAPHY,A,HISTORY OF SRI LANKA & INDIA,A,SINHALA,A,054,S,new,26,October,2000,female
104146,ARTS,1.6631,159 (NEW),2900,2020,GEOGRAPHY,A,HISTORY OF SRI LANKA & INDIA,A,BUDDHIST CIVILIZATION,A,040,F,new,26,February,2001,female
104374,COMMERCE,1.5043,187 (NEW),3705,2020,ECONOMICS,A,BUSINESS STUDIES,A,ACCOUNTING,A,062,S,new,10,August,2001,female
104378,COMMERCE,1.54,169 (NEW),3345,2020,ECONOMICS,A,BUSINESS STUDIES,A,ACCOUNTING,A,054,C,new,2,May,2001,female
104401,COMMERCE,1.527,178 (NEW),3464,2020,ECONOMICS,A,BUSINESS STUDIES,A,ACCOUNTING,A,050,C,new,1,July,2001,female
104428,COMMERCE,1.601,136 (NEW),2776,2020,ECONOMICS,A,BUSINESS STUDIES,A,ACCOUNTING,A,062,S,new,9,September,2001,female
104498,COMMERCE,1.5629,156 (NEW),3121,2020,ECONOMICS,A,BUSINESS STUDIES,A,ACCOUNTING,A,054,S,new,22,October,2001,female
104618,ARTS,1.6361,176 (NEW),3207,2020,POLITICAL SCIENCE,A,BUDDHIST CIVILIZATION,A,SINHALA,A,046,F,new,13,March,2001,female
104690,COMMERCE,1.536,172 (NEW),3392,2020,ECONOMICS,A,BUSINESS STUDIES,A,ACCOUNTING,A,Absent,S,new,27,July,2000,male
104800,ARTS,1.6857,149 (NEW),2626,2020,HOME ECONOMICS,A,BUDDHIST CIVILIZATION,A,SINHALA,A,040,F,new,15,January,2002,female
104969,ARTS,1.5491,226 (NEW),4304,2020,GEOGRAPHY,A,POLITICAL SCIENCE,A,SINHALA,A,036,F,new,12,September,2001,female
104989,ARTS,1.6472,168 (NEW),3088,2020,GEOGRAPHY,A,BUDDHIST CIVILIZATION,A,SINHALA,A,046,F,new,30,August,2001,female
105101,COMMERCE,1.5094,184 (NEW),3647,2020,ECONOMICS,A,BUSINESS STUDIES,A,ACCOUNTING,A,062,F,new,12,November,2000,female
105467,ARTS,1.6088,190 (NEW),3543,2020,GEOGRAPHY,A,BUDDHIST CIVILIZATION,A,SINHALA,A,Absent,Absent,new,26,April,2000,female
105699,ARTS,1.6459,169 (NEW),3105,2020,GEOGRAPHY,A,POLITICAL SCIENCE,A,SINHALA,A,Absent,F,new,5,January,2001,female
105717,COMMERCE,1.6085,132 (NEW),2715,2020,ECONOMICS,A,BUSINESS STUDIES,A,ACCOUNTING,A,046,Absent,new,22,March,2000,male
105736,ARTS,1.5209,253 (NEW),4763,2020,GEOGRAPHY,A,BUDDHIST CIVILIZATION,A,SINHALA,A,034,F,new,1,October,2001,female
105756,ARTS,1.6459,169 (NEW),3105,2020,GEOGRAPHY,A,BUDDHIST CIVILIZATION,A,SINHALA,A,042,S,new,2,December,2000,male
106078,COMMERCE,1.4876,198 (NEW),3891,2020,ECONOMICS,A,BUSINESS STUDIES,A,ACCOUNTING,A,040,S,new,30,May,2001,male
106127,ARTS,1.5945,201 (NEW),3735,2020,GEOGRAPHY,A,BUDDHIST CIVILIZATION,A,SINHALA,A,038,F,new,20,August,2000,male
106153,COMMERCE,1.4246,230 (NEW),4594,2020,ECONOMICS,A,BUSINESS STUDIES,A,ACCOUNTING,A,052,C,new,23,January,2002,female
106165,ARTS,1.4172,346 (NEW),6617,2020,GEOGRAPHY,A,DANCING(INDIGENOUS),A,SINHALA,A,040,F,new,12,March,2001,female
106215,ARTS,1.639,175 (NEW),3176,2020,GEOGRAPHY,A,BUDDHIST CIVILIZATION,A,SINHALA,A,038,F,new,1,November,2001,male
106226,ARTS,1.6701,156 (NEW),2829,2020,ECONOMICS,A,GEOGRAPHY,A,SINHALA,A,046,S,new,13,October,2001,female
106259,COMMERCE,1.6329,120 (NEW),2534,2020,ECONOMICS,A,BUSINESS STUDIES,A,ACCOUNTING,A,062,B,new,27,May,2001,female
106318,ARTS,1.6426,172 (NEW),3142,2020,ECONOMICS,A,GEOGRAPHY,A,SINHALA,A,Absent,F,new,18,April,2000,female
106422,ARTS,1.5566,222 (NEW),4217,2020,GEOGRAPHY,A,POLITICAL SCIENCE,A,SINHALA,A,Absent,Absent,new,22,April,2000,male
106507,ARTS,1.672,154 (NEW),2806,2020,GEOGRAPHY,A,POLITICAL SCIENCE,A,SINHALA,A,044,F,new,27,February,2001,male
106588,ARTS,1.6127,189 (NEW),3498,2020,GEOGRAPHY,A,BUDDHIST CIVILIZATION,A,SINHALA,A,Absent,F,new,19,October,2000,female
106666,COMMERCE,1.5839,146 (NEW),2921,2020,ECONOMICS,A,BUSINESS STUDIES,A,ACCOUNTING,A,072,F,new,22,August,2001,male
106764,ARTS,1.6479,167 (NEW),3068,2020,GEOGRAPHY,A,POLITICAL SCIENCE,A,SINHALA,A,036,F,new,1,April,2001,female
106766,COMMERCE,1.4974,191 (NEW),3793,2020,ECONOMICS,A,BUSINESS STUDIES,A,ACCOUNTING,A,060,B,new,17,October,2001,female
106930,ARTS,1.404,358 (NEW),6841,2020,POLITICAL SCIENCE,A,BUDDHIST CIVILIZATION,A,SINHALA,A,046,F,new,10,September,2001,female
106970,ARTS,1.5795,213 (NEW),3909,2020,POLITICAL SCIENCE,A,BUDDHIST CIVILIZATION,A,SINHALA,A,042,S,new,2,July,2001,male
106978,ARTS,1.6218,182 (NEW),3382,2020,GEOGRAPHY,A,DANCING(INDIGENOUS),A,SINHALA,A,046,F,new,19,January,2002,male
107027,ARTS,1.5193,255 (NEW),4785,2020,GEOGRAPHY,A,POLITICAL SCIENCE,A,SINHALA,A,040,F,new,22,July,2000,female
107135,COMMERCE,1.5471,164 (NEW),3286,2020,ECONOMICS,A,BUSINESS STUDIES,A,ACCOUNTING,A,042,F,new,2,June,2001,female
107148,ARTS,1.4462,318 (NEW),6072,2020,GEOGRAPHY,A,DANCING(INDIGENOUS),A,SINHALA,A,038,S,new,10,February,2000,female
107179,ARTS,1.5061,268 (NEW),4998,2020,GEOGRAPHY,A,BUDDHIST CIVILIZATION,A,SINHALA,A,042,F,new,28,July,2001,female
107275,ARTS,1.6867,147 (NEW),2618,2020,GEOGRAPHY,A,ORIENTAL MUSIC,A,SINHALA,A,050,F,new,25,October,2001,female
107294,ARTS,1.444,321 (NEW),6119,2020,GEOGRAPHY,A,DANCING(INDIGENOUS),A,SINHALA,A,Absent,F,new,8,May,2000,female
107311,ARTS,1.4491,316 (NEW),6019,2020,GEOGRAPHY,A,BUDDHIST CIVILIZATION,A,SINHALA,A,040,S,new,11,February,2001,female
107401,ARTS,1.5752,214 (NEW),3964,2020,GEOGRAPHY,A,POLITICAL SCIENCE,A,SINHALA,A,062,F,new,1,April,2000,female
107904,ARTS,1.5464,134 (NEW),4338,2020,ECONOMICS,A,GEOGRAPHY,A,SINHALA,A,Absent,F,new,16,December,2000,female
107932,ARTS,1.5793,119 (NEW),3912,2020,HISTORY OF SRI LANKA & INDIA,A,COMMUNICATION & MEDIA STUDIES,A,SINHALA,A,054,F,new,6,August,2000,female
108066,ARTS,1.484,170 (NEW),5383,2020,ECONOMICS,A,GEOGRAPHY,A,SINHALA,A,Absent,C,new,6,July,2000,female
108946,ARTS,1.6951,75 (NEW),2520,2020,POLITICAL SCIENCE,A,BUDDHIST CIVILIZATION,A,SINHALA,A,032,F,new,24,August,2000,female
109010,ARTS,1.4894,166 (NEW),5294,2020,GEOGRAPHY,A,BUDDHIST CIVILIZATION,A,SINHALA,A,054,F,new,20,November,2000,female
109515,ARTS,1.6781,81 (NEW),2727,2020,GEOGRAPHY,A,COMMUNICATION & MEDIA STUDIES,A,SINHALA,A,050,C,new,15,October,2001,female
109592,ARTS,1.6268,103 (NEW),3322,2020,GEOGRAPHY,A,BUDDHIST CIVILIZATION,A,SINHALA,A,048,C,new,15,April,2001,female
109974,ARTS,1.6715,84 (NEW),2812,2020,GEOGRAPHY,A,COMMUNICATION & MEDIA STUDIES,A,SINHALA,A,038,S,new,3,August,2000,female
110508,ARTS,1.6462,95 (NEW),3098,2020,POLITICAL SCIENCE,A,HISTORY OF SRI LANKA & INDIA,A,SINHALA,A,038,S,new,7,November,2001,female
111618,ARTS,1.6309,102 (NEW),3278,2020,GEOGRAPHY,A,LOGIC & SCIENTIFIC METHOD,A,SINHALA,A,044,F,new,1,May,2000,female
112028,ARTS,1.6902,77 (NEW),2576,2020,GEOGRAPHY,A,ART,A,SINHALA,A,044,S,new,8,July,2001,female
112197,COMMERCE,1.4456,67 (NEW),4350,2020,ECONOMICS,A,BUSINESS STUDIES,A,ACCOUNTING,A,050,F,new,27,April,2001,female
112205,COMMERCE,1.6165,34 (NEW),2665,2020,ECONOMICS,A,BUSINESS STUDIES,A,ACCOUNTING,A,062,S,new,29,September,2001,female
112994,COMMERCE,1.4621,60 (NEW),4155,2020,ECONOMICS,A,BUSINESS STUDIES,A,ACCOUNTING,A,066,C,new,24,June,2001,female
113706,COMMERCE,1.5492,45 (NEW),3266,2020,ECONOMICS,A,BUSINESS STUDIES,A,ACCOUNTING,A,068,C,new,12,July,2001,female
113737,COMMERCE,1.6244,33 (NEW),2606,2020,ECONOMICS,A,BUSINESS STUDIES,A,ACCOUNTING,A,046,F,new,8,March,2001,male
113801,ARTS,1.6437,96 (NEW),3129,2020,POLITICAL SCIENCE,A,BUDDHIST CIVILIZATION,A,SINHALA,A,030,F,new,13,March,2001,female
114094,COMMERCE,1.564,40 (NEW),3111,2020,ECONOMICS,A,BUSINESS STUDIES,A,ACCOUNTING,A,Absent,F,new,7,July,2000,female
114766,ARTS,1.6203,105 (NEW),3408,2020,POLITICAL SCIENCE,A,HISTORY OF SRI LANKA & INDIA,A,SINHALA,A,042,F,new,10,June,2001,female
114929,ARTS,1.5907,116 (NEW),3774,2020,HISTORY OF SRI LANKA & INDIA,A,BUDDHIST CIVILIZATION,A,SINHALA,A,062,S,new,11,September,2001,female
115111,COMMERCE,1.4388,69 (NEW),4435,2020,ECONOMICS,A,BUSINESS STUDIES,A,ACCOUNTING,A,Absent,S,new,19,April,2000,female
115232,COMMERCE,1.5572,41 (NEW),3184,2020,ECONOMICS,A,BUSINESS STUDIES,A,ACCOUNTING,A,056,Absent,new,9,November,2000,female
115554,COMMERCE,1.3944,85 (NEW),4981,2020,ECONOMICS,A,BUSINESS STUDIES,A,ACCOUNTING,A,056,S,new,2,August,2001,female
115643,ARTS,1.6371,100 (NEW),3197,2020,POLITICAL SCIENCE,A,HISTORY OF SRI LANKA & INDIA,A,BUDDHIST CIVILIZATION,A,050,S,new,28,November,2001,female
115766,COMMERCE,1.4371,70 (NEW),4454,2020,ECONOMICS,A,BUSINESS STUDIES,A,ACCOUNTING,A,052,S,new,12,August,2001,female
115767,COMMERCE,1.4034,81 (NEW),4848,2020,ECONOMICS,A,BUSINESS STUDIES,A,ACCOUNTING,A,046,F,new,16,August,2001,female
115775,COMMERCE,1.5891,35 (NEW),2878,2020,ECONOMICS,A,BUSINESS STUDIES,A,ACCOUNTING,A,052,S,new,9,December,2000,female
115804,ARTS,1.6847,78 (NEW),2636,2020,POLITICAL SCIENCE,A,BUDDHIST CIVILIZATION,A,SINHALA,A,052,S,new,24,April,2001,female
115904,ARTS,1.5927,114 (NEW),3751,2020,POLITICAL SCIENCE,A,HISTORY OF SRI LANKA & INDIA,A,SINHALA,A,032,F,new,5,April,2001,female
116177,COMMERCE,1.326,107 (NEW),5815,2020,ECONOMICS,A,BUSINESS STUDIES,A,ACCOUNTING,A,Absent,Absent,new,7,December,2000,female
116240,COMMERCE,1.512,51 (NEW),3623,2020,ECONOMICS,A,BUSINESS STUDIES,A,ACCOUNTING,A,044,S,new,11,October,2001,male
116401,ARTS,1.6568,88 (NEW),2972,2020,GEOGRAPHY,A,ART,A,SINHALA,A,050,Absent,new,14,June,2001,female
116707,COMMERCE,1.4484,64 (NEW),4308,2020,ECONOMICS,A,BUSINESS STUDIES,A,ACCOUNTING,A,068,S,new,3,January,2001,female
116732,COMMERCE,1.5742,38 (NEW),3015,2020,ECONOMICS,A,BUSINESS STUDIES,A,ACCOUNTING,A,Absent,Absent,new,25,March,2000,female
116743,COMMERCE,1.5554,42 (NEW),3203,2020,ECONOMICS,A,BUSINESS STUDIES,A,ACCOUNTING,A,Absent,F,new,19,September,2000,female
116861,ARTS,1.6583,86 (NEW),2955,2020,GEOGRAPHY,A,BUDDHIST CIVILIZATION,A,SINHALA,A,040,F,new,20,March,2001,female
116996,COMMERCE,1.5047,53 (NEW),3702,2020,ECONOMICS,A,BUSINESS STUDIES,A,ACCOUNTING,A,038,S,new,23,December,2001,female
117116,ARTS,1.6802,80 (NEW),2704,2020,GEOGRAPHY,A,BUDDHIST CIVILIZATION,A,SINHALA,A,032,S,new,23,May,2001,female
117173,ARTS,1.4608,190 (NEW),5811,2020,GEOGRAPHY,A,BUDDHIST CIVILIZATION,A,SINHALA,A,038,C,new,14,December,2001,female
117425,ARTS,1.5647,127 (NEW),4099,2020,POLITICAL SCIENCE,A,DANCING(INDIGENOUS),A,SINHALA,A,044,S,new,2,June,2000,female
117662,ARTS,1.5536,132 (NEW),4251,2020,POLITICAL SCIENCE,A,BUDDHIST CIVILIZATION,A,SINHALA,A,050,C,new,24,March,2001,female
117832,ARTS,1.6168,107 (NEW),3454,2020,POLITICAL SCIENCE,A,HISTORY OF SRI LANKA & INDIA,A,BUDDHIST CIVILIZATION,A,030,F,new,18,December,1999,female
117979,ARTS,1.5763,122 (NEW),3949,2020,POLITICAL SCIENCE,A,HISTORY OF SRI LANKA & INDIA,A,BUDDHIST CIVILIZATION,A,054,F,new,17,July,2001,male
117991,ARTS,1.6552,89 (NEW),2988,2020,POLITICAL SCIENCE,A,BUDDHIST CIVILIZATION,A,SINHALA,A,036,F,new,18,April,2001,female
118180,ARTS,1.4975,161 (NEW),5147,2020,POLITICAL SCIENCE,A,BUDDHIST CIVILIZATION,A,SINHALA,A,048,S,new,26,September,2001,female
118231,COMMERCE,1.5526,44 (NEW),3229,2020,ECONOMICS,A,BUSINESS STUDIES,A,ACCOUNTING,A,Absent,Absent,new,6,November,2000,female
118286,ARTS,1.6215,260 (NEW),3384,2020,HISTORY OF SRI LANKA & INDIA,A,BUDDHIST CIVILIZATION,A,SINHALA,A,038,F,new,25,January,2002,male
118594,ARTS,1.5467,330 (NEW),4334,2020,GEOGRAPHY,A,ART,A,SINHALA,A,048,B,new,19,March,2001,female
118643,ARTS,1.6757,222 (NEW),2762,2020,GEOGRAPHY,A,HISTORY OF SRI LANKA & INDIA,A,SINHALA,A,052,C,new,27,April,2001,female
118667,ARTS,1.552,323 (NEW),4267,2020,GEOGRAPHY,A,HISTORY OF SRI LANKA & INDIA,A,DANCING(INDIGENOUS),A,054,S,new,9,April,2001,female
118697,ARTS,1.5754,303 (NEW),3960,2020,HISTORY OF SRI LANKA & INDIA,A,BUDDHIST CIVILIZATION,A,SINHALA,A,034,S,new,1,February,2001,female
118713,COMMERCE,1.4707,190 (NEW),4051,2020,ECONOMICS,A,BUSINESS STUDIES,A,ACCOUNTING,A,048,A,new,23,July,2001,female
119555,ARTS,1.6113,269 (NEW),3518,2020,HISTORY OF SRI LANKA & INDIA,A,ART,A,SINHALA,A,Absent,S,new,29,September,2000,female
119575,ARTS,1.6282,253 (NEW),3308,2020,POLITICAL SCIENCE,A,HISTORY OF SRI LANKA & INDIA,A,SINHALA,A,048,F,new,29,October,2000,female
119639,ARTS,1.4999,381 (NEW),5098,2020,GEOGRAPHY,A,HISTORY OF SRI LANKA & INDIA,A,SINHALA,A,040,S,new,6,September,2000,female
119972,ARTS,1.5759,302 (NEW),3954,2020,HISTORY OF SRI LANKA & INDIA,A,DANCING(INDIGENOUS),A,SINHALA,A,052,F,new,24,February,2001,female
121032,COMMERCE,1.354,266 (NEW),5467,2020,ECONOMICS,A,BUSINESS STUDIES,A,ACCOUNTING,A,056,C,new,18,September,2001,female
121094,COMMERCE,1.5373,158 (NEW),3377,2020,ECONOMICS,A,BUSINESS STUDIES,A,ACCOUNTING,A,056,C,new,14,March,2001,female
121132,COMMERCE,1.5368,159 (NEW),3383,2020,ECONOMICS,A,BUSINESS STUDIES,A,ACCOUNTING,A,Absent,C,new,14,January,2001,female
122343,ARTS,1.4448,456 (NEW),6101,2020,HISTORY OF SRI LANKA & INDIA,A,BUDDHIST CIVILIZATION,A,SINHALA,A,042,S,new,18,July,2001,male
122672,COMMERCE,1.3061,290 (NEW),6060,2020,ECONOMICS,A,BUSINESS STUDIES,A,ACCOUNTING,A,066,C,new,8,February,1999,female
123817,COMMERCE,1.616,125 (NEW),2667,2020,ECONOMICS,A,BUSINESS STUDIES,A,ACCOUNTING,A,056,B,new,16,October,2001,female
123956,ARTS,1.6181,262 (NEW),3441,2020,ECONOMICS,A,GEOGRAPHY,A,SINHALA,A,046,C,new,15,May,2001,female
123976,ARTS,1.613,267 (NEW),3494,2020,ECONOMICS,A,HISTORY OF SRI LANKA & INDIA,A,SINHALA,A,044,S,new,18,April,2001,female
123994,COMMERCE,1.5577,147 (NEW),3179,2020,ECONOMICS,A,BUSINESS STUDIES,A,ACCOUNTING,A,062,C,new,31,December,2001,female
123995,ARTS,1.4131,499 (NEW),6679,2020,GEOGRAPHY,A,ORIENTAL MUSIC,A,SINHALA,A,048,S,new,29,April,2001,female
124022,ARTS,1.6618,230 (NEW),2921,2020,POLITICAL SCIENCE,A,HISTORY OF SRI LANKA & INDIA,A,SINHALA,A,046,S,new,12,July,2001,female
124112,ARTS,1.5719,306 (NEW),3997,2020,GEOGRAPHY,A,COMMUNICATION & MEDIA STUDIES,A,ORIENTAL MUSIC,A,044,S,new,25,October,2001,female
124344,COMMERCE,1.5742,140 (NEW),3015,2020,ECONOMICS,A,BUSINESS STUDIES,A,ACCOUNTING,A,072,F,new,5,November,2000,male
124672,ARTS,1.6816,213 (NEW),2681,2020,GEOGRAPHY,A,POLITICAL SCIENCE,A,HISTORY OF SRI LANKA & INDIA,A,048,F,new,28,April,2001,female
125146,COMMERCE,1.5963,130 (NEW),2813,2020,ECONOMICS,A,BUSINESS STUDIES,A,ACCOUNTING,A,048,S,new,10,January,2002,female
125202,COMMERCE,1.4854,177 (NEW),3912,2020,ECONOMICS,A,BUSINESS STUDIES,A,ACCOUNTING,A,044,S,new,20,November,2001,female
125216,COMMERCE,1.5914,134 (NEW),2856,2020,ECONOMICS,A,BUSINESS STUDIES,A,ACCOUNTING,A,058,C,new,24,February,2001,male
125236,ARTS,1.5294,346 (NEW),4630,2020,POLITICAL SCIENCE,A,BUDDHIST CIVILIZATION,A,SINHALA,A,048,S,new,15,January,2002,female
125565,COMMERCE,1.4297,214 (NEW),4536,2020,ECONOMICS,A,BUSINESS STUDIES,A,ACCOUNTING,A,Absent,F,new,6,March,2000,female
125659,COMMERCE,1.4569,195 (NEW),4206,2020,ECONOMICS,A,BUSINESS STUDIES,A,ACCOUNTING,A,062,F,new,1,August,2001,female
125887,ARTS,1.6657,228 (NEW),2877,2020,POLITICAL SCIENCE,A,BUDDHIST CIVILIZATION,A,SINHALA,A,030,S,new,3,December,2001,female
126442,ARTS,1.5275,348 (NEW),4659,2020,POLITICAL SCIENCE,A,HISTORY OF SRI LANKA & INDIA,A,SINHALA,A,042,F,new,8,August,2001,female
126452,ARTS,1.6781,220 (NEW),2727,2020,POLITICAL SCIENCE,A,HISTORY OF SRI LANKA & INDIA,A,SINHALA,A,038,F,new,17,October,2000,female
126489,ARTS,1.4563,435 (NEW),5896,2020,POLITICAL SCIENCE,A,HISTORY OF SRI LANKA & INDIA,A,SINHALA,A,046,F,new,21,January,2002,female
126782,ARTS,1.6958,205 (NEW),2513,2020,POLITICAL SCIENCE,A,BUDDHIST CIVILIZATION,A,SINHALA,A,040,F,new,17,January,2002,female
126799,ARTS,1.609,271 (NEW),3538,2020,POLITICAL SCIENCE,A,BUDDHIST CIVILIZATION,A,SINHALA,A,042,F,new,10,July,2001,female
126898,ARTS,1.6615,231 (NEW),2924,2020,HISTORY OF SRI LANKA & INDIA,A,BUDDHIST CIVILIZATION,A,SINHALA,A,060,F,new,10,July,2001,male
127035,COMMERCE,1.4433,204 (NEW),4374,2020,ECONOMICS,A,BUSINESS STUDIES,A,ACCOUNTING,A,054,S,new,28,August,2001,female
127174,ARTS,1.5675,308 (NEW),4047,2020,GEOGRAPHY,A,POLITICAL SCIENCE,A,HISTORY OF SRI LANKA & INDIA,A,038,S,new,14,October,2000,female
127359,COMMERCE,1.5503,153 (NEW),3247,2020,ECONOMICS,A,BUSINESS STUDIES,A,ACCOUNTING,A,Absent,S,new,10,October,2000,male
127387,COMMERCE,1.6237,122 (NEW),2616,2020,ECONOMICS,A,BUSINESS STUDIES,A,ACCOUNTING,A,Absent,S,new,6,November,2000,female
127425,COMMERCE,1.5514,151 (NEW),3240,2020,ECONOMICS,A,BUSINESS STUDIES,A,ACCOUNTING,A,050,Absent,new,23,August,2000,female
128299,COMMERCE,1.5601,144 (NEW),3152,2020,ECONOMICS,A,BUSINESS STUDIES,A,ACCOUNTING,A,060,S,new,25,September,2001,female
128306,COMMERCE,1.6214,123 (NEW),2629,2020,ECONOMICS,A,BUSINESS STUDIES,A,ACCOUNTING,A,034,F,new,22,April,2001,female
128319,ARTS,1.5958,288 (NEW),3714,2020,POLITICAL SCIENCE,A,COMMUNICATION & MEDIA STUDIES,A,ORIENTAL MUSIC,A,052,S,new,6,September,2001,male
128353,COMMERCE,1.5612,143 (NEW),3142,2020,ECONOMICS,A,BUSINESS STUDIES,A,ACCOUNTING,A,048,F,new,29,May,2001,female
128395,COMMERCE,1.354,266 (NEW),5467,2020,ECONOMICS,A,BUSINESS STUDIES,A,ACCOUNTING,A,064,S,new,22,April,2001,female
128410,COMMERCE,1.4325,212 (NEW),4509,2020,ECONOMICS,A,BUSINESS STUDIES,A,ACCOUNTING,A,054,S,new,29,January,2002,female
128543,ARTS,1.4181,492 (NEW),6601,2020,GEOGRAPHY,A,HISTORY OF SRI LANKA & INDIA,A,DANCING(INDIGENOUS),A,050,C,new,22,March,2001,female
128970,ARTS,1.5657,311 (NEW),4083,2020,GEOGRAPHY,A,POLITICAL SCIENCE,A,HISTORY OF SRI LANKA & INDIA,A,Absent,F,new,12,March,2000,female
129149,COMMERCE,1.6352,121 (NEW),2511,2020,ECONOMICS,A,BUSINESS STUDIES,A,ACCOUNTING,A,Absent,F,new,9,June,2000,female
130103,ARTS,1.4585,432 (NEW),5859,2020,GEOGRAPHY,A,HISTORY OF SRI LANKA & INDIA,A,DANCING(INDIGENOUS),A,052,F,new,17,December,2001,female
130142,ARTS,1.5549,321 (NEW),4234,2020,GEOGRAPHY,A,HISTORY OF SRI LANKA & INDIA,A,DANCING(INDIGENOUS),A,034,F,new,15,February,2001,female
130323,COMMERCE,1.5942,132 (NEW),2834,2020,ECONOMICS,A,BUSINESS STUDIES,A,ACCOUNTING,A,048,C,new,30,July,2001,male
130401,ARTS,1.6811,214 (NEW),2688,2020,GEOGRAPHY,A,COMMUNICATION & MEDIA STUDIES,A,SINHALA,A,040,S,new,16,May,2000,female
130786,COMMERCE,1.3818,244 (NEW),5118,2020,ECONOMICS,A,BUSINESS STUDIES,A,ACCOUNTING,A,048,F,new,2,February,2001,female
130853,COMMERCE,1.3636,258 (NEW),5346,2020,ECONOMICS,A,BUSINESS STUDIES,A,ACCOUNTING,A,058,S,new,1,September,2001,female
130931,ARTS,1.6589,233 (NEW),2946,2020,GEOGRAPHY,A,HISTORY OF SRI LANKA & INDIA,A,SINHALA,A,048,S,new,14,December,2001,female
130976,COMMERCE,1.589,135 (NEW),2879,2020,ECONOMICS,A,BUSINESS STUDIES,A,ACCOUNTING,A,040,S,new,28,March,2001,female
131448,COMMERCE,1.4816,182 (NEW),3946,2020,ECONOMICS,A,BUSINESS STUDIES,A,ACCOUNTING,A,Absent,F,new,3,August,2000,female
131505,COMMERCE,1.5634,142 (NEW),3116,2020,ECONOMICS,A,BUSINESS STUDIES,A,ACCOUNTING,A,Absent,F,new,22,May,2000,male
131695,ARTS,1.3575,582 (NEW),7818,2020,HISTORY OF SRI LANKA & INDIA,A,DANCING(INDIGENOUS),A,SINHALA,A,024,F,new,28,February,2001,female
131930,ARTS,1.5124,367 (NEW),4897,2020,GEOGRAPHY,A,BUDDHIST CIVILIZATION,A,SINHALA,A,038,F,new,9,May,2001,female
132505,COMMERCE,1.4633,193 (NEW),4140,2020,ECONOMICS,A,BUSINESS STUDIES,A,ACCOUNTING,A,066,F,new,21,April,2001,male
132687,COMMERCE,1.482,181 (NEW),3940,2020,ECONOMICS,A,BUSINESS STUDIES,A,ACCOUNTING,A,060,F,new,12,December,2001,female
132719,ARTS,1.6361,248 (NEW),3207,2020,GEOGRAPHY,A,BUDDHIST CIVILIZATION,A,SINHALA,A,058,C,new,25,July,2001,female
132938,ARTS,1.6741,224 (NEW),2788,2020,ECONOMICS,A,POLITICAL SCIENCE,A,SINHALA,A,068,S,new,12,February,2001,female
133076,COMMERCE,1.5766,137 (NEW),2989,2020,ECONOMICS,A,BUSINESS STUDIES,A,ACCOUNTING,A,Absent,Absent,new,30,October,2000,female
133236,ARTS,1.6308,250 (NEW),3281,2020,GEOGRAPHY,A,POLITICAL SCIENCE,A,SINHALA,A,Absent,Absent,new,11,December,2000,female
133260,ARTS,1.6136,266 (NEW),3487,2020,POLITICAL SCIENCE,A,BUDDHIST CIVILIZATION,A,SINHALA,A,034,F,new,17,December,2000,female
133393,ARTS,1.5275,348 (NEW),4659,2020,POLITICAL SCIENCE,A,BUDDHIST CIVILIZATION,A,SINHALA,A,034,Absent,new,6,August,2000,female
133477,ARTS,1.4981,384 (NEW),5132,2020,POLITICAL SCIENCE,A,BUDDHIST CIVILIZATION,A,SINHALA,A,030,F,new,15,September,2001,female
133549,COMMERCE,1.4428,205 (NEW),4381,2020,ECONOMICS,A,BUSINESS STUDIES,A,ACCOUNTING,A,054,Absent,new,24,November,2000,female
133724,COMMERCE,1.503,173 (NEW),3724,2020,ECONOMICS,A,BUSINESS STUDIES,A,ACCOUNTING,A,Absent,Absent,new,19,April,2000,female
134278,ARTS,1.5275,348 (NEW),4659,2020,POLITICAL SCIENCE,A,HISTORY OF SRI LANKA & INDIA,A,SINHALA,A,044,F,new,5,May,2001,female
134502,ARTS,1.4906,394 (NEW),5277,2020,POLITICAL SCIENCE,A,BUDDHIST CIVILIZATION,A,SINHALA,A,042,F,new,15,April,2000,male
134714,ARTS,1.5391,120 (NEW),4458,2020,HISTORY OF SRI LANKA & INDIA,A,DANCING(INDIGENOUS),A,SINHALA,A,038,S,new,18,August,2000,female
134908,ARTS,1.6029,98 (NEW),3620,2020,GEOGRAPHY,A,ISLAM,A,ARABIC,A,042,F,new,8,January,2001,female
135121,ARTS,1.6488,82 (NEW),3060,2020,GEOGRAPHY,A,BUDDHIST CIVILIZATION,A,SINHALA,A,048,S,new,6,September,2001,female
135383,COMMERCE,1.503,129 (NEW),3724,2020,ECONOMICS,A,BUSINESS STUDIES,A,ACCOUNTING,A,054,B,new,20,February,2001,female
135407,ARTS,1.5154,133 (NEW),4852,2020,GEOGRAPHY,A,POLITICAL SCIENCE,A,SINHALA,A,028,F,new,5,May,2001,female
135871,ARTS,1.4948,148 (NEW),5204,2020,HISTORY OF SRI LANKA & INDIA,A,BUDDHIST CIVILIZATION,A,SINHALA,A,054,S,new,31,May,2001,female
136187,COMMERCE,1.5647,100 (NEW),3103,2020,ECONOMICS,A,BUSINESS STUDIES,A,ACCOUNTING,A,048,A,new,15,July,2001,male
136190,COMMERCE,1.4876,138 (NEW),3891,2020,ECONOMICS,A,BUSINESS STUDIES,A,ACCOUNTING,A,040,A,new,11,May,2001,female
136440,COMMERCE,1.5349,114 (NEW),3402,2020,ECONOMICS,A,BUSINESS STUDIES,A,ACCOUNTING,A,046,C,new,26,December,2001,female
136820,ARTS,1.4619,166 (NEW),5793,2020,ECONOMICS,A,HISTORY OF SRI LANKA & EUROPE,A,TAMIL,A,058,B,new,3,December,2001,female
136944,COMMERCE,1.5655,98 (NEW),3092,2020,ECONOMICS,A,BUSINESS STUDIES,A,ACCOUNTING,A,052,A,new,21,June,2001,female
137266,COMMERCE,1.4713,148 (NEW),4042,2020,ECONOMICS,A,BUSINESS STUDIES,A,ACCOUNTING,A,054,S,new,2,June,2001,male
137398,COMMERCE,1.4932,134 (NEW),3829,2020,ECONOMICS,A,BUSINESS STUDIES,A,ACCOUNTING,A,050,S,new,30,April,2001,female
137427,ARTS,1.6833,68 (NEW),2661,2020,GEOGRAPHY,A,POLITICAL SCIENCE,A,SINHALA,A,056,S,new,16,October,2001,female
137449,COMMERCE,1.6242,84 (NEW),2611,2020,ECONOMICS,A,BUSINESS STUDIES,A,ACCOUNTING,A,058,S,new,6,December,2001,female
137461,COMMERCE,1.4963,133 (NEW),3805,2020,ECONOMICS,A,BUSINESS STUDIES,A,ACCOUNTING,A,048,C,new,5,March,2001,female
137482,COMMERCE,1.4409,163 (NEW),4408,2020,ECONOMICS,A,BUSINESS STUDIES,A,ACCOUNTING,A,052,C,new,11,February,2001,male
137544,COMMERCE,1.5413,110 (NEW),3329,2020,ECONOMICS,A,BUSINESS STUDIES,A,ACCOUNTING,A,062,S,new,21,September,2001,female
137545,COMMERCE,1.4058,175 (NEW),4823,2020,ECONOMICS,A,BUSINESS STUDIES,A,ACCOUNTING,A,050,S,new,14,April,2001,male
137557,ARTS,1.4688,157 (NEW),5658,2020,HISTORY OF SRI LANKA & INDIA,A,BUDDHIST CIVILIZATION,A,SINHALA,A,044,S,new,17,November,2001,female
137609,ARTS,1.6048,96 (NEW),3588,2020,HISTORY OF SRI LANKA & INDIA,A,BUDDHIST CIVILIZATION,A,SINHALA,A,062,S,new,23,April,2001,female
137684,ARTS,1.6913,62 (NEW),2561,2020,HISTORY OF SRI LANKA & INDIA,A,BUDDHIST CIVILIZATION,A,SINHALA,A,060,S,new,23,November,2001,female
137862,COMMERCE,1.5208,119 (NEW),3530,2020,ECONOMICS,A,BUSINESS STUDIES,A,ACCOUNTING,A,Absent,B,new,6,February,2000,female
137987,ARTS,1.603,97 (NEW),3618,2020,POLITICAL SCIENCE,A,LOGIC & SCIENTIFIC METHOD,A,SINHALA,A,048,S,new,27,January,2001,female
138020,ARTS,1.6619,75 (NEW),2920,2020,ECONOMICS,A,GEOGRAPHY,A,SINHALA,A,052,C,new,13,July,2000,female
138453,COMMERCE,1.5582,103 (NEW),3175,2020,ECONOMICS,A,BUSINESS STUDIES,A,ACCOUNTING,A,026,F,new,15,February,2001,female
138585,COMMERCE,1.4114,172 (NEW),4750,2020,ECONOMICS,A,BUSINESS STUDIES,A,ACCOUNTING,A,040,S,new,16,November,2001,female
138593,COMMERCE,1.5368,111 (NEW),3383,2020,ECONOMICS,A,BUSINESS STUDIES,A,ACCOUNTING,A,052,S,new,5,January,2002,female
138600,COMMERCE,1.5618,102 (NEW),3134,2020,ECONOMICS,A,BUSINESS STUDIES,A,ACCOUNTING,A,048,A,new,27,October,2001,female
138640,COMMERCE,1.4816,142 (NEW),3946,2020,ECONOMICS,A,BUSINESS STUDIES,A,ACCOUNTING,A,060,S,new,4,October,2001,female
139097,ARTS,1.609,93 (NEW),3538,2020,ECONOMICS,A,LOGIC & SCIENTIFIC METHOD,A,SINHALA,A,044,C,new,1,August,2001,female
139135,ARTS,1.5149,135 (NEW),4865,2020,POLITICAL SCIENCE,A,BUDDHIST CIVILIZATION,A,SINHALA,A,050,S,new,6,February,2001,female
139393,ARTS,1.4654,162 (NEW),5712,2020,ECONOMICS,A,GEOGRAPHY,A,SINHALA,A,042,S,new,20,February,2000,female
140209,COMMERCE,1.5013,131 (NEW),3748,2020,ECONOMICS,A,BUSINESS STUDIES,A,ACCOUNTING,A,060,S,new,5,December,2001,male
140281,COMMERCE,1.4137,169 (NEW),4728,2020,ECONOMICS,A,BUSINESS STUDIES,A,ACCOUNTING,A,050,S,new,3,July,2001,male
140325,COMMERCE,1.5252,118 (NEW),3490,2020,ECONOMICS,A,BUSINESS STUDIES,A,ACCOUNTING,A,Absent,Absent,new,24,September,2000,male
141092,COMMERCE,1.61,86 (NEW),2702,2020,ECONOMICS,A,BUSINESS STUDIES,A,ACCOUNTING,A,062,B,new,29,March,2001,female
141120,COMMERCE,1.3238,219 (NEW),5846,2020,ECONOMICS,A,BUSINESS STUDIES,A,ACCOUNTING,A,064,C,new,29,September,2001,female
141144,COMMERCE,1.6278,83 (NEW),2571,2020,ECONOMICS,A,BUSINESS STUDIES,A,ACCOUNTING,A,046,B,new,6,August,2001,female
141183,COMMERCE,1.5912,91 (NEW),2860,2020,ECONOMICS,A,BUSINESS STUDIES,A,ACCOUNTING,A,050,C,new,30,December,2001,female
141751,COMMERCE,1.3989,177 (NEW),4918,2020,ECONOMICS,A,BUSINESS STUDIES,A,ACCOUNTING,A,058,C,new,2,December,2000,female
143639,ARTS,1.6665,72 (NEW),2869,2020,GEOGRAPHY,A,BUDDHIST CIVILIZATION,A,SINHALA,A,050,S,new,6,March,2001,female
144065,COMMERCE,1.5646,101 (NEW),3104,2020,ECONOMICS,A,BUSINESS STUDIES,A,ACCOUNTING,A,048,C,new,27,October,2001,female
144166,COMMERCE,1.4176,168 (NEW),4685,2020,ECONOMICS,A,BUSINESS STUDIES,A,ACCOUNTING,A,056,S,new,29,April,2001,female
144334,COMMERCE,1.4769,145 (NEW),3993,2020,ECONOMICS,A,BUSINESS STUDIES,A,ACCOUNTING,A,Absent,S,new,15,March,2000,female
144453,COMMERCE,1.51,125 (NEW),3643,2020,ECONOMICS,A,BUSINESS STUDIES,A,ACCOUNTING,A,Absent,A,new,14,April,2000,female
145027,COMMERCE,1.5651,99 (NEW),3097,2020,ECONOMICS,A,BUSINESS STUDIES,A,ACCOUNTING,A,034,S,new,27,June,2001,male
145125,ARTS,1.6351,85 (NEW),3218,2020,GEOGRAPHY,A,DANCING(INDIGENOUS),A,SINHALA,A,042,F,new,27,June,2001,female
145818,ARTS,1.6615,76 (NEW),2924,2020,ECONOMICS,A,GEOGRAPHY,A,POLITICAL SCIENCE,A,052,C,new,28,June,2001,male
145859,ARTS,1.6496,81 (NEW),3050,2020,GEOGRAPHY,A,COMMUNICATION & MEDIA STUDIES,A,SINHALA,A,042,F,new,25,October,2001,female
145976,ARTS,1.5265,127 (NEW),4685,2020,POLITICAL SCIENCE,A,HISTORY OF SRI LANKA & INDIA,A,SINHALA,A,036,C,new,31,December,2001,female
146044,COMMERCE,1.4501,157 (NEW),4288,2020,ECONOMICS,A,BUSINESS STUDIES,A,ACCOUNTING,A,062,C,new,3,June,2001,male
146078,ARTS,1.4628,163 (NEW),5771,2020,ECONOMICS,A,GEOGRAPHY,A,SINHALA,A,Absent,C,new,8,November,2000,female
146079,COMMERCE,1.5351,113 (NEW),3400,2020,ECONOMICS,A,BUSINESS STUDIES,A,ACCOUNTING,A,Absent,Absent,new,29,July,2000,female
146120,COMMERCE,1.5715,96 (NEW),3044,2020,ECONOMICS,A,BUSINESS STUDIES,A,ACCOUNTING,A,054,Absent,new,4,July,2000,female
146235,COMMERCE,1.4826,140 (NEW),3935,2020,ECONOMICS,A,BUSINESS STUDIES,A,ACCOUNTING,A,Absent,Absent,new,8,September,2000,female
146812,ARTS,1.5476,118 (NEW),4321,2020,GEOGRAPHY,A,ISLAM,A,TAMIL,A,042,C,new,21,May,2001,female
146859,ARTS,1.6457,83 (NEW),3107,2020,GEOGRAPHY,A,HISTORY OF SRI LANKA & INDIA,A,SINHALA,A,044,F,new,24,November,2000,male
147061,COMMERCE,1.4496,158 (NEW),4297,2020,ECONOMICS,A,BUSINESS STUDIES,A,ACCOUNTING,A,076,S,new,10,January,2002,male
147259,ARTS,1.5891,105 (NEW),3795,2020,GEOGRAPHY,A,HISTORY OF SRI LANKA & INDIA,A,DANCING(INDIGENOUS),A,040,F,new,15,January,2002,female
147321,ARTS,1.6704,71 (NEW),2822,2020,ECONOMICS,A,GEOGRAPHY,A,HISTORY OF SRI LANKA & INDIA,A,Absent,B,new,3,April,2000,male
147757,ARTS,1.4247,193 (NEW),6469,2020,HISTORY OF SRI LANKA & INDIA,A,DANCING(INDIGENOUS),A,SINHALA,A,048,F,new,17,April,2001,female
147821,COMMERCE,1.5002,132 (NEW),3763,2020,ECONOMICS,A,BUSINESS STUDIES,A,ACCOUNTING,A,Absent,S,new,8,February,2000,female
147997,ARTS,1.1937,378 (NEW),11657,2020,POLITICAL SCIENCE,A,HINDUISM,A,DANCING(BHARATHA),A,044,F,new,3,September,2001,female
148086,ARTS,1.5397,119 (NEW),4447,2020,POLITICAL SCIENCE,A,BUDDHIST CIVILIZATION,A,SINHALA,A,052,B,new,2,March,1999,female
148148,COMMERCE,1.5184,236 (NEW),3555,2020,ECONOMICS,A,BUSINESS STUDIES,A,ACCOUNTING,A,044,S,new,6,December,2001,male
148292,ARTS,1.4764,562 (NEW),5523,2020,HISTORY OF SRI LANKA & INDIA,A,BUDDHIST CIVILIZATION,A,ORIENTAL MUSIC,A,054,S,new,10,May,2001,female
148760,ARTS,1.5821,366 (NEW),3880,2020,HISTORY OF SRI LANKA & INDIA,A,BUDDHIST CIVILIZATION,A,SINHALA,A,044,F,new,27,November,2001,female
149365,COMMERCE,1.5332,223 (NEW),3413,2020,ECONOMICS,A,BUSINESS STUDIES,A,ACCOUNTING,A,Absent,Absent,new,3,August,2000,male
149373,COMMERCE,1.4353,320 (NEW),4477,2020,ECONOMICS,A,BUSINESS STUDIES,A,ACCOUNTING,A,054,B,new,24,January,2002,male
149449,COMMERCE,1.5128,241 (NEW),3613,2020,ECONOMICS,A,BUSINESS STUDIES,A,ACCOUNTING,A,Absent,Absent,new,19,May,2000,male
149452,COMMERCE,1.6152,170 (NEW),2671,2020,ECONOMICS,A,BUSINESS STUDIES,A,ACCOUNTING,A,056,S,new,30,April,2001,male
149970,COMMERCE,1.5708,193 (NEW),3051,2020,ECONOMICS,A,BUSINESS STUDIES,A,ACCOUNTING,A,Absent,F,new,18,December,2000,female
149990,ARTS,1.3448,856 (NEW),8129,2020,GEOGRAPHY,A,ISLAMIC CIVILIZATION,A,ARABIC,A,048,C,new,27,November,2001,female
150162,ARTS,1.4444,635 (NEW),6107,2020,GEOGRAPHY,A,HISTORY OF SRI LANKA & INDIA,A,SINHALA,A,046,F,new,14,June,2001,female
150245,ARTS,1.6884,240 (NEW),2596,2020,HISTORY OF SRI LANKA & INDIA,A,DANCING(INDIGENOUS),A,SINHALA,A,046,S,new,30,November,2001,female
150365,ARTS,1.4865,539 (NEW),5339,2020,POLITICAL SCIENCE,A,HISTORY OF SRI LANKA & INDIA,A,SINHALA,A,042,F,new,7,August,2001,female
151026,COMMERCE,1.3238,414 (NEW),5846,2020,ECONOMICS,A,BUSINESS STUDIES,A,ACCOUNTING,A,064,B,new,8,April,2001,female
151043,COMMERCE,1.552,209 (NEW),3233,2020,ECONOMICS,A,LOGIC & SCIENTIFIC METHOD,A,ACCOUNTING,A,048,B,new,4,February,2001,female
151046,COMMERCE,1.5473,214 (NEW),3285,2020,ECONOMICS,A,BUSINESS STUDIES,A,ACCOUNTING,A,062,B,new,9,February,2001,female
151093,COMMERCE,1.4011,347 (NEW),4890,2020,ECONOMICS,A,BUSINESS STUDIES,A,ACCOUNTING,A,062,S,new,22,August,2001,female
151227,ARTS,1.5152,481 (NEW),4858,2020,GEOGRAPHY,A,DANCING(INDIGENOUS),A,DRAMA AND THEATRE (SINHALA),A,030,S,new,26,July,2001,female
151472,COMMERCE,1.4758,276 (NEW),4001,2020,ECONOMICS,A,BUSINESS STUDIES,A,ACCOUNTING,A,Absent,Absent,new,5,August,2000,female
151495,COMMERCE,1.6233,167 (NEW),2619,2020,ECONOMICS,A,BUSINESS STUDIES,A,ACCOUNTING,A,Absent,Absent,new,7,December,2000,female
152051,COMMERCE,1.6282,163 (NEW),2567,2020,ECONOMICS,A,BUSINESS STUDIES,A,ACCOUNTING,A,044,F,new,1,January,2002,female
152500,COMMERCE,1.5965,178 (NEW),2810,2020,ECONOMICS,A,BUSINESS STUDIES,A,ACCOUNTING,A,Absent,C,new,3,February,2000,male
152557,COMMERCE,1.5593,201 (NEW),3161,2020,ECONOMICS,A,BUSINESS STUDIES,A,ACCOUNTING,A,046,A,new,9,June,2000,female
152845,ARTS,1.6043,337 (NEW),3593,2020,GEOGRAPHY,A,HISTORY OF SRI LANKA & INDIA,A,BUDDHIST CIVILIZATION,A,044,F,new,7,April,2001,male
152904,COMMERCE,1.5299,226 (NEW),3443,2020,ECONOMICS,A,BUSINESS STUDIES,A,ACCOUNTING,A,046,S,new,26,November,2001,female
153508,COMMERCE,1.4501,297 (NEW),4288,2020,ECONOMICS,A,BUSINESS STUDIES,A,ACCOUNTING,A,042,S,new,11,July,2001,male
153581,COMMERCE,1.5533,208 (NEW),3223,2020,ECONOMICS,A,BUSINESS STUDIES,A,ACCOUNTING,A,054,C,new,6,July,2001,male
153641,COMMERCE,1.5503,211 (NEW),3247,2020,ECONOMICS,A,BUSINESS STUDIES,A,ACCOUNTING,A,056,B,new,7,April,2000,male
154030,COMMERCE,1.4775,273 (NEW),3981,2020,ECONOMICS,A,BUSINESS STUDIES,A,ACCOUNTING,A,Absent,C,new,17,March,2000,female
154033,COMMERCE,1.5263,229 (NEW),3475,2020,ECONOMICS,A,BUSINESS STUDIES,A,ACCOUNTING,A,052,S,new,7,July,2001,female
154039,COMMERCE,1.5145,240 (NEW),3599,2020,ECONOMICS,A,BUSINESS STUDIES,A,ACCOUNTING,A,064,C,new,30,September,2001,female
154079,COMMERCE,1.5338,221 (NEW),3408,2020,ECONOMICS,A,BUSINESS STUDIES,A,ACCOUNTING,A,Absent,Absent,new,29,May,2000,female
154141,COMMERCE,1.4371,317 (NEW),4454,2020,ECONOMICS,A,BUSINESS STUDIES,A,ACCOUNTING,A,066,C,new,22,January,2002,female
154145,COMMERCE,1.5815,185 (NEW),2943,2020,ECONOMICS,A,BUSINESS STUDIES,A,ACCOUNTING,A,058,B,new,25,January,2002,female
154149,COMMERCE,1.6318,160 (NEW),2545,2020,ECONOMICS,A,BUSINESS STUDIES,A,ACCOUNTING,A,056,A,new,22,August,2001,female
154166,ARTS,1.384,755 (NEW),7235,2020,ECONOMICS,A,SINHALA,A,JAPANESE,A,046,S,new,21,March,2001,female
154169,COMMERCE,1.4126,336 (NEW),4737,2020,ECONOMICS,A,BUSINESS STUDIES,A,ACCOUNTING,A,038,C,new,10,April,2001,female
154195,ARTS,1.2702,1054 (NEW),9842,2020,GEOGRAPHY,A,ORIENTAL MUSIC,A,SINHALA,A,Absent,Absent,new,22,December,2000,female
154237,ARTS,1.6867,243 (NEW),2618,2020,ECONOMICS,A,POLITICAL SCIENCE,A,LOGIC & SCIENTIFIC METHOD,A,050,S,new,13,July,2001,female
154275,ARTS,1.6769,255 (NEW),2743,2020,GEOGRAPHY,A,HISTORY OF SRI LANKA & INDIA,A,ART,A,048,S,new,25,November,2000,female
154551,ARTS,1.4153,696 (NEW),6645,2020,ECONOMICS,A,GEOGRAPHY,A,SINHALA,A,068,C,new,18,January,2002,female
154574,ARTS,1.5859,360 (NEW),3828,2020,HISTORY OF SRI LANKA & EUROPE,A,GERMAN,A,CHINESE,A,042,A,new,5,January,2002,female
154621,ARTS,1.4239,670 (NEW),6489,2020,HISTORY OF SRI LANKA & EUROPE,A,DANCING(INDIGENOUS),A,SINHALA,A,046,S,new,16,July,2001,female
154634,ARTS,1.5239,467 (NEW),4727,2020,POLITICAL SCIENCE,A,HISTORY OF SRI LANKA & EUROPE,A,SINHALA,A,030,F,new,29,December,2001,female
154653,ARTS,1.6232,317 (NEW),3363,2020,POLITICAL SCIENCE,A,HISTORY OF SRI LANKA & EUROPE,A,SINHALA,A,040,C,new,22,August,2001,female
155005,COMMERCE,1.5025,254 (NEW),3735,2020,ECONOMICS,A,BUSINESS STUDIES,A,ACCOUNTING,A,056,S,new,17,December,2001,female
155023,ARTS,1.6836,248 (NEW),2653,2020,GEOGRAPHY,A,POLITICAL SCIENCE,A,LOGIC & SCIENTIFIC METHOD,A,Absent,C,new,28,April,2000,female
155115,COMMERCE,1.6055,176 (NEW),2748,2020,ECONOMICS,A,BUSINESS STUDIES,A,ACCOUNTING,A,064,C,new,6,July,2001,female
155352,COMMERCE,1.5805,186 (NEW),2947,2020,ECONOMICS,A,BUSINESS STUDIES,A,ACCOUNTING,A,Absent,Absent,new,4,September,2000,female
155392,COMMERCE,1.625,165 (NEW),2602,2020,ECONOMICS,A,BUSINESS STUDIES,A,ACCOUNTING,A,Absent,Absent,new,11,May,2000,female
155401,COMMERCE,1.4775,273 (NEW),3981,2020,ECONOMICS,A,BUSINESS STUDIES,A,ACCOUNTING,A,060,Absent,new,20,May,2000,female
155465,ARTS,1.6957,235 (NEW),2514,2020,HISTORY OF SRI LANKA & INDIA,A,BUDDHIST CIVILIZATION,A,SINHALA,A,054,F,new,3,August,2001,female
155497,COMMERCE,1.5595,200 (NEW),3160,2020,ECONOMICS,A,BUSINESS STUDIES,A,ACCOUNTING,A,044,S,new,4,December,2000,female
155558,ARTS,1.5405,427 (NEW),4427,2020,GEOGRAPHY,A,BUDDHIST CIVILIZATION,A,DANCING(INDIGENOUS),A,036,F,new,14,December,2001,female
155820,COMMERCE,1.6175,169 (NEW),2655,2020,ECONOMICS,A,BUSINESS STUDIES,A,ACCOUNTING,A,052,C,new,8,August,2001,male
155964,ARTS,1.5345,439 (NEW),4550,2020,GEOGRAPHY,A,BUDDHIST CIVILIZATION,A,SINHALA,A,040,F,new,13,September,2000,female
156000,COMMERCE,1.6186,168 (NEW),2646,2020,ECONOMICS,A,BUSINESS STUDIES,A,ACCOUNTING,A,038,F,new,26,December,2001,male
156034,COMMERCE,1.5593,201 (NEW),3161,2020,ECONOMICS,A,BUSINESS STUDIES,A,ACCOUNTING,A,044,C,new,26,November,2001,male
156041,ARTS,1.6853,245 (NEW),2631,2020,GEOGRAPHY,A,ISLAMIC CIVILIZATION,A,TAMIL,A,044,F,new,21,April,2001,female
156055,COMMERCE,1.5328,224 (NEW),3414,2020,ECONOMICS,A,BUSINESS STUDIES,A,ACCOUNTING,A,046,B,new,30,June,2000,male
156179,ARTS,1.6757,257 (NEW),2762,2020,GEOGRAPHY,A,HOME ECONOMICS,A,ART,A,034,F,new,26,November,2000,male
156282,ARTS,1.3575,819 (NEW),7818,2020,HOME ECONOMICS,A,ISLAMIC CIVILIZATION,A,ARABIC,A,036,F,new,25,September,2000,female
156295,ARTS,1.3393,874 (NEW),8263,2020,POLITICAL SCIENCE,A,ISLAMIC CIVILIZATION,A,ARABIC,A,036,C,new,26,March,2000,female
156307,ARTS,1.3114,931 (NEW),8884,2020,POLITICAL SCIENCE,A,ISLAMIC CIVILIZATION,A,ARABIC,A,052,F,new,26,November,2000,male
156320,ARTS,1.6455,289 (NEW),3111,2020,POLITICAL SCIENCE,A,ISLAMIC CIVILIZATION,A,ARABIC,A,044,C,new,4,August,2000,female
156332,ARTS,1.1832,1262 (NEW),11941,2020,POLITICAL SCIENCE,A,ISLAMIC CIVILIZATION,A,ARABIC,A,034,S,new,1,February,2000,female
156334,ARTS,1.5367,431 (NEW),4499,2020,POLITICAL SCIENCE,A,ISLAMIC CIVILIZATION,A,ARABIC,A,042,S,new,10,August,2001,male
156336,ARTS,1.4673,586 (NEW),5684,2020,POLITICAL SCIENCE,A,ISLAMIC CIVILIZATION,A,ARABIC,A,058,S,new,23,March,2001,male
156607,ARTS,1.614,330 (NEW),3485,2020,HISTORY OF SRI LANKA & INDIA,A,BUDDHIST CIVILIZATION,A,SINHALA,A,038,F,new,5,June,2001,female
156821,ARTS,1.446,630 (NEW),6077,2020,GEOGRAPHY,A,HISTORY OF SRI LANKA & EUROPE,A,ISLAM,A,040,F,new,13,September,2001,female
157287,COMMERCE,1.5503,211 (NEW),3247,2020,ECONOMICS,A,BUSINESS STUDIES,A,ACCOUNTING,A,032,S,new,7,April,2001,female
157347,COMMERCE,1.5299,226 (NEW),3443,2020,ECONOMICS,A,BUSINESS STUDIES,A,ACCOUNTING,A,070,B,new,25,July,2001,male
157379,COMMERCE,1.4422,311 (NEW),4389,2020,ECONOMICS,A,BUSINESS STUDIES,A,ACCOUNTING,A,054,S,new,5,September,2001,female
157467,COMMERCE,1.4666,285 (NEW),4108,2020,ECONOMICS,A,BUSINESS STUDIES,A,ACCOUNTING,A,064,B,new,7,November,2001,female
157479,COMMERCE,1.5026,253 (NEW),3732,2020,ECONOMICS,A,BUSINESS STUDIES,A,ACCOUNTING,A,056,S,new,2,June,2001,female
157488,COMMERCE,1.5724,191 (NEW),3034,2020,ECONOMICS,A,BUSINESS STUDIES,A,ACCOUNTING,A,056,S,new,15,August,2001,female
157504,COMMERCE,1.6261,164 (NEW),2591,2020,ECONOMICS,A,BUSINESS STUDIES,A,ACCOUNTING,A,066,S,new,22,February,2001,female
157548,COMMERCE,1.4843,268 (NEW),3922,2020,ECONOMICS,A,BUSINESS STUDIES,A,ACCOUNTING,A,052,S,new,24,January,2002,female
157590,ARTS,1.5828,364 (NEW),3871,2020,ECONOMICS,A,GEOGRAPHY,A,SINHALA,A,044,S,new,5,September,2001,female
157621,ARTS,1.6429,291 (NEW),3140,2020,GEOGRAPHY,A,ORIENTAL MUSIC,A,SINHALA,A,044,C,new,2,April,2001,female
157633,ARTS,1.6869,242 (NEW),2615,2020,GEOGRAPHY,A,POLITICAL SCIENCE,A,SINHALA,A,044,A,new,17,June,2001,female
157647,ARTS,1.6145,329 (NEW),3481,2020,GEOGRAPHY,A,BUDDHIST CIVILIZATION,A,SINHALA,A,038,S,new,24,November,2001,female
157726,ARTS,1.5839,363 (NEW),3855,2020,GEOGRAPHY,A,ART,A,SINHALA,A,048,F,new,10,December,2001,female
157953,COMMERCE,1.5668,195 (NEW),3083,2020,ECONOMICS,A,BUSINESS STUDIES,A,ACCOUNTING,A,050,C,new,17,June,2000,female
157996,COMMERCE,1.5179,237 (NEW),3561,2020,ECONOMICS,A,BUSINESS STUDIES,A,ACCOUNTING,A,Absent,B,new,27,May,2000,female
158294,ARTS,1.509,492 (NEW),4948,2020,GEOGRAPHY,A,BUDDHIST CIVILIZATION,A,SINHALA,A,Absent,F,new,20,November,2000,female
158603,ARTS,1.6073,336 (NEW),3562,2020,POLITICAL SCIENCE,A,BUDDHIST CIVILIZATION,A,SINHALA,A,040,C,new,28,May,2001,male
158792,ARTS,1.5725,376 (NEW),3991,2020,GEOGRAPHY,A,BUDDHIST CIVILIZATION,A,SINHALA,A,044,S,new,7,October,2001,female
158895,ARTS,1.6587,273 (NEW),2949,2020,POLITICAL SCIENCE,A,BUDDHIST CIVILIZATION,A,SINHALA,A,Absent,F,new,4,May,2000,female
159143,COMMERCE,1.5492,213 (NEW),3266,2020,ECONOMICS,A,BUSINESS STUDIES,A,ACCOUNTING,A,056,F,new,14,September,2000,female
159237,ARTS,1.5678,383 (NEW),4045,2020,GEOGRAPHY,A,DANCING(INDIGENOUS),A,SINHALA,A,050,F,new,20,July,2000,female
159861,ARTS,1.6535,282 (NEW),3009,2020,POLITICAL SCIENCE,A,HISTORY OF SRI LANKA & EUROPE,A,SINHALA,A,040,S,new,4,April,2000,female
160815,ARTS,1.5597,399 (NEW),4174,2020,COMMUNICATION & MEDIA STUDIES,A,ORIENTAL MUSIC,A,SINHALA,A,054,S,new,13,December,2001,female
160907,ARTS,1.5767,373 (NEW),3944,2020,POLITICAL SCIENCE,A,BUDDHIST CIVILIZATION,A,SINHALA,A,026,F,new,6,July,2001,male
161002,ARTS,1.6628,270 (NEW),2909,2020,POLITICAL SCIENCE,A,BUDDHIST CIVILIZATION,A,SINHALA,A,044,F,new,2,January,2002,female
161259,ARTS,1.3136,928 (NEW),8841,2020,POLITICAL SCIENCE,A,ORIENTAL MUSIC,A,SINHALA,A,036,F,new,7,June,2000,female
161410,ARTS,1.4487,624 (NEW),6024,2020,POLITICAL SCIENCE,A,ORIENTAL MUSIC,A,SINHALA,A,044,F,new,1,April,2001,female
161483,ARTS,1.6164,325 (NEW),3455,2020,GEOGRAPHY,A,BUDDHIST CIVILIZATION,A,SINHALA,A,036,S,new,16,March,2001,female
161565,ARTS,1.6303,306 (NEW),3286,2020,GEOGRAPHY,A,ISLAMIC CIVILIZATION,A,TAMIL,A,046,B,new,29,December,2001,female
161655,COMMERCE,1.4599,290 (NEW),4178,2020,ECONOMICS,A,BUSINESS STUDIES,A,ACCOUNTING,A,050,F,new,6,October,2001,female
162187,ARTS,1.663,268 (NEW),2901,2020,GEOGRAPHY,A,ISLAMIC CIVILIZATION,A,TAMIL,A,046,F,new,15,July,2001,female
162188,COMMERCE,1.6113,172 (NEW),2694,2020,ECONOMICS,A,BUSINESS STUDIES,A,ACCOUNTING,A,066,S,new,22,February,2001,male
162247,ARTS,1.5968,347 (NEW),3701,2020,GEOGRAPHY,A,HISTORY OF SRI LANKA & EUROPE,A,ISLAMIC CIVILIZATION,A,050,F,new,16,January,2002,female
162276,ARTS,1.6728,260 (NEW),2801,2020,GEOGRAPHY,A,HISTORY OF SRI LANKA & EUROPE,A,ISLAM,A,056,F,new,24,November,2001,female
162490,ARTS,1.547,415 (NEW),4331,2020,GEOGRAPHY,A,BUDDHIST CIVILIZATION,A,SINHALA,A,052,C,new,30,September,2001,female
162608,ARTS,1.5473,414 (NEW),4325,2020,POLITICAL SCIENCE,A,BUDDHIST CIVILIZATION,A,SINHALA,A,040,F,new,1,March,2001,female
162726,ARTS,1.4254,667 (NEW),6457,2020,ECONOMICS,A,GEOGRAPHY,A,SINHALA,A,056,F,new,13,May,2001,male
162768,ARTS,1.5802,369 (NEW),3900,2020,HISTORY OF SRI LANKA & INDIA,A,DRAMA AND THEATRE (SINHALA),A,SINHALA,A,044,F,new,19,February,2001,female
162781,ARTS,1.5267,461 (NEW),4681,2020,HISTORY OF SRI LANKA & INDIA,A,BUDDHIST CIVILIZATION,A,SINHALA,A,048,F,new,23,November,2000,female
162803,ARTS,1.3926,738 (NEW),7065,2020,HISTORY OF SRI LANKA & INDIA,A,BUDDHIST CIVILIZATION,A,SINHALA,A,028,F,new,3,October,2001,female
162881,ARTS,1.6549,278 (NEW),2995,2020,HISTORY OF SRI LANKA & INDIA,A,BUDDHIST CIVILIZATION,A,SINHALA,A,040,F,new,13,October,2000,female
162987,COMMERCE,1.6244,166 (NEW),2606,2020,ECONOMICS,A,BUSINESS STUDIES,A,ACCOUNTING,A,058,S,new,23,March,2000,male
163066,ARTS,1.5356,435 (NEW),4527,2020,POLITICAL SCIENCE,A,BUDDHIST CIVILIZATION,A,SINHALA,A,038,S,new,11,May,2001,female
163535,COMMERCE,1.5942,181 (NEW),2834,2020,ECONOMICS,A,BUSINESS STUDIES,A,ACCOUNTING,A,Absent,S,new,28,December,2000,male
163597,ARTS,1.6677,264 (NEW),2857,2020,GEOGRAPHY,A,BUDDHIST CIVILIZATION,A,SINHALA,A,054,F,new,16,April,2001,female
163820,COMMERCE,1.5866,184 (NEW),2896,2020,ECONOMICS,A,BUSINESS STUDIES,A,ACCOUNTING,A,042,F,new,1,November,2001,female
163891,ARTS,1.5894,356 (NEW),3793,2020,POLITICAL SCIENCE,A,BUDDHIST CIVILIZATION,A,SINHALA,A,058,S,new,11,August,2001,female
163957,ARTS,1.6182,324 (NEW),3440,2020,POLITICAL SCIENCE,A,BUDDHIST CIVILIZATION,A,SINHALA,A,050,F,new,17,November,2001,female
164037,ARTS,1.5515,407 (NEW),4271,2020,POLITICAL SCIENCE,A,ISLAMIC CIVILIZATION,A,TAMIL,A,054,F,new,27,May,2000,female
164321,COMMERCE,1.6003,177 (NEW),2785,2020,ECONOMICS,A,BUSINESS STUDIES,A,ACCOUNTING,A,048,F,new,17,August,2000,female
164384,ARTS,1.68,252 (NEW),2707,2020,POLITICAL SCIENCE,A,BUDDHIST CIVILIZATION,A,SINHALA,A,032,S,new,30,August,2001,female
164714,COMMERCE,1.4512,295 (NEW),4274,2020,ECONOMICS,A,BUSINESS STUDIES,A,ACCOUNTING,A,Absent,S,new,29,September,2000,male
164847,COMMERCE,1.5572,206 (NEW),3184,2020,ECONOMICS,A,BUSINESS STUDIES,A,ACCOUNTING,A,062,S,new,8,February,2001,male
164960,COMMERCE,1.5259,230 (NEW),3479,2020,ECONOMICS,A,BUSINESS STUDIES,A,ACCOUNTING,A,Absent,Absent,new,30,May,2000,female
165087,COMMERCE,1.5407,218 (NEW),3334,2020,ECONOMICS,A,BUSINESS STUDIES,A,ACCOUNTING,A,068,S,new,1,January,2002,male
165400,ARTS,1.592,352 (NEW),3758,2020,ECONOMICS,A,GEOGRAPHY,A,SINHALA,A,056,C,new,21,May,2001,female
165607,COMMERCE,1.4694,280 (NEW),4066,2020,ECONOMICS,A,BUSINESS STUDIES,A,ACCOUNTING,A,046,B,new,10,March,2001,female
165608,COMMERCE,1.6088,174 (NEW),2711,2020,ECONOMICS,A,BUSINESS STUDIES,A,ACCOUNTING,A,064,C,new,1,February,2001,female
165620,COMMERCE,1.6295,162 (NEW),2565,2020,ECONOMICS,A,BUSINESS STUDIES,A,ACCOUNTING,A,056,C,new,9,June,2001,female
165708,COMMERCE,1.5753,187 (NEW),3003,2020,ECONOMICS,A,BUSINESS STUDIES,A,ACCOUNTING,A,056,C,new,18,June,2000,male
165850,COMMERCE,1.5621,197 (NEW),3129,2020,ECONOMICS,A,BUSINESS STUDIES,A,ACCOUNTING,A,058,C,new,30,June,2000,female
165867,COMMERCE,1.5254,232 (NEW),3487,2020,ECONOMICS,A,BUSINESS STUDIES,A,ACCOUNTING,A,Absent,Absent,new,8,June,2000,female
166123,COMMERCE,1.4017,345 (NEW),4886,2020,ECONOMICS,A,BUSINESS STUDIES,A,ACCOUNTING,A,042,F,new,14,August,2001,female
166138,COMMERCE,1.573,189 (NEW),3025,2020,ECONOMICS,A,BUSINESS STUDIES,A,ACCOUNTING,A,058,S,new,3,November,2001,male
166761,ARTS,1.4673,586 (NEW),5684,2020,ECONOMICS,A,GEOGRAPHY,A,LOGIC & SCIENTIFIC METHOD,A,Absent,Absent,new,5,October,2000,female
166773,COMMERCE,1.3579,386 (NEW),5401,2020,ECONOMICS,A,BUSINESS STUDIES,A,ACCOUNTING,A,Absent,S,new,29,January,2001,female
166873,ARTS,1.5596,400 (NEW),4178,2020,HISTORY OF SRI LANKA & INDIA,A,BUDDHIST CIVILIZATION,A,SINHALA,A,026,S,new,31,October,2001,female
166879,ARTS,1.6608,272 (NEW),2930,2020,GEOGRAPHY,A,POLITICAL SCIENCE,A,SINHALA,A,046,C,new,10,July,2001,female
166883,COMMERCE,1.4496,298 (NEW),4297,2020,ECONOMICS,A,BUSINESS STUDIES,A,ACCOUNTING,A,042,C,new,27,June,2001,female
166983,COMMERCE,1.4291,323 (NEW),4545,2020,ECONOMICS,A,BUSINESS STUDIES,A,ACCOUNTING,A,050,F,new,6,September,2001,female
167535,COMMERCE,1.6147,171 (NEW),2675,2020,ECONOMICS,A,BUSINESS STUDIES,A,ACCOUNTING,A,048,S,new,3,November,2001,female
167563,ARTS,1.5825,365 (NEW),3875,2020,GEOGRAPHY,A,POLITICAL SCIENCE,A,SINHALA,A,046,S,new,19,February,2001,female
167722,COMMERCE,1.3773,371 (NEW),5165,2020,ECONOMICS,A,BUSINESS STUDIES,A,ACCOUNTING,A,054,S,new,15,October,2001,female
167815,COMMERCE,1.5314,225 (NEW),3430,2020,ECONOMICS,A,BUSINESS STUDIES,A,ACCOUNTING,A,054,B,new,23,November,2001,female
167860,ARTS,1.4968,517 (NEW),5168,2020,GEOGRAPHY,A,POLITICAL SCIENCE,A,SINHALA,A,030,F,new,8,August,2000,female
167916,ARTS,1.6283,309 (NEW),3307,2020,GEOGRAPHY,A,ISLAMIC CIVILIZATION,A,TAMIL,A,044,F,new,28,January,2001,female
168114,COMMERCE,1.4148,335 (NEW),4717,2020,ECONOMICS,A,BUSINESS STUDIES,A,ACCOUNTING,A,048,C,new,27,April,2001,female
169643,ARTS,1.5873,359 (NEW),3813,2020,HOME ECONOMICS,A,ISLAMIC CIVILIZATION,A,ARABIC,A,032,S,new,7,January,2002,female
169715,ARTS,1.6464,288 (NEW),3096,2020,GEOGRAPHY,A,ISLAMIC CIVILIZATION,A,TAMIL,A,038,F,new,11,January,2002,female
169749,ARTS,1.4175,691 (NEW),6614,2020,GEOGRAPHY,A,ISLAM,A,TAMIL,A,032,S,new,10,July,2001,female
170061,ARTS,1.6007,342 (NEW),3654,2020,GEOGRAPHY,A,ISLAMIC CIVILIZATION,A,TAMIL,A,048,C,new,21,August,2001,female
170169,ARTS,1.4998,511 (NEW),5100,2020,GEOGRAPHY,A,HISTORY OF SRI LANKA & EUROPE,A,ISLAMIC CIVILIZATION,A,034,F,new,9,August,2001,female
170171,ARTS,1.5665,386 (NEW),4065,2020,POLITICAL SCIENCE,A,HISTORY OF SRI LANKA & EUROPE,A,ISLAMIC CIVILIZATION,A,044,S,new,2,December,2001,female
170488,COMMERCE,1.573,189 (NEW),3025,2020,ECONOMICS,A,BUSINESS STUDIES,A,ACCOUNTING,A,058,B,new,28,May,2001,female
170500,COMMERCE,1.5259,230 (NEW),3479,2020,ECONOMICS,A,BUSINESS STUDIES,A,ACCOUNTING,A,048,F,new,10,November,2001,male
170519,COMMERCE,1.5622,196 (NEW),3127,2020,ECONOMICS,A,BUSINESS STUDIES,A,ACCOUNTING,A,060,B,new,16,March,2001,female
170617,COMMERCE,1.4302,322 (NEW),4529,2020,ECONOMICS,A,BUSINESS STUDIES,A,ACCOUNTING,A,036,C,new,8,December,2001,female
171169,ARTS,1.2894,996 (NEW),9398,2020,GEOGRAPHY,A,ISLAMIC CIVILIZATION,A,ARABIC,A,026,C,new,7,May,2000,female
171170,ARTS,1.4434,638 (NEW),6134,2020,GEOGRAPHY,A,ISLAMIC CIVILIZATION,A,ARABIC,A,040,C,new,16,October,2000,female
171171,ARTS,1.5638,390 (NEW),4116,2020,GEOGRAPHY,A,ISLAMIC CIVILIZATION,A,ARABIC,A,054,B,new,25,December,2000,female
171208,ARTS,1.6022,339 (NEW),3632,2020,GEOGRAPHY,A,ISLAMIC CIVILIZATION,A,ARABIC,A,038,S,new,26,February,2000,female
171211,ARTS,1.5427,423 (NEW),4394,2020,GEOGRAPHY,A,ISLAMIC CIVILIZATION,A,ARABIC,A,044,S,new,29,May,2000,female
171248,ARTS,1.464,597 (NEW),5743,2020,GEOGRAPHY,A,ISLAMIC CIVILIZATION,A,ARABIC,A,040,S,new,21,December,2000,female
171265,ARTS,1.4469,629 (NEW),6061,2020,GEOGRAPHY,A,ISLAMIC CIVILIZATION,A,ARABIC,A,056,S,new,11,May,2000,female
171303,ARTS,1.4181,689 (NEW),6601,2020,GEOGRAPHY,A,ISLAMIC CIVILIZATION,A,ARABIC,A,046,S,new,17,May,2000,female
171340,ARTS,1.6238,316 (NEW),3357,2020,GEOGRAPHY,A,ISLAMIC CIVILIZATION,A,ARABIC,A,056,S,new,28,December,2000,female
171377,ARTS,1.561,396 (NEW),4157,2020,POLITICAL SCIENCE,A,ISLAM,A,ARABIC,A,046,F,new,12,August,2000,male
171423,COMMERCE,1.5053,246 (NEW),3690,2020,ECONOMICS,A,BUSINESS STUDIES,A,ACCOUNTING,A,064,S,new,14,January,2002,male
171729,COMMERCE,1.4974,259 (NEW),3793,2020,ECONOMICS,A,BUSINESS STUDIES,A,ACCOUNTING,A,058,C,new,28,November,2001,female
172586,ARTS,1.5007,510 (NEW),5084,2020,ECONOMICS,A,GEOGRAPHY,A,SINHALA,A,050,F,new,1,June,2001,female
172799,ARTS,1.4616,602 (NEW),5800,2020,GEOGRAPHY,A,HISTORY OF SRI LANKA & INDIA,A,SINHALA,A,048,S,new,4,September,2001,female
172901,ARTS,1.6652,266 (NEW),2885,2020,POLITICAL SCIENCE,A,HISTORY OF SRI LANKA & INDIA,A,SINHALA,A,032,F,new,29,July,2001,female
173115,ARTS,1.6652,266 (NEW),2885,2020,GEOGRAPHY,A,BUDDHIST CIVILIZATION,A,SINHALA,A,030,S,new,1,September,2001,female
173517,ARTS,1.3399,870 (NEW),8250,2020,GEOGRAPHY,A,ORIENTAL MUSIC,A,SINHALA,A,046,F,new,30,December,2001,male
173836,COMMERCE,1.6329,83 (NEW),2534,2020,ECONOMICS,A,BUSINESS STUDIES,A,ACCOUNTING,A,064,A,new,6,August,2001,male
174116,COMMERCE,1.5058,119 (NEW),3682,2020,ECONOMICS,A,BUSINESS STUDIES,A,ACCOUNTING,A,056,A,new,6,April,2001,female
174117,COMMERCE,1.3818,162 (NEW),5118,2020,ECONOMICS,A,BUSINESS STUDIES,A,ACCOUNTING,A,062,B,new,27,September,2001,female
174137,ARTS,1.5622,129 (NEW),4140,2020,GEOGRAPHY,A,HISTORY OF SRI LANKA & EUROPE,A,SINHALA,A,050,S,new,1,November,2001,female
174152,COMMERCE,1.5721,102 (NEW),3037,2020,ECONOMICS,A,BUSINESS STUDIES,A,ACCOUNTING,A,050,S,new,26,September,2001,female
174164,ARTS,1.6837,82 (NEW),2651,2020,POLITICAL SCIENCE,A,COMMUNICATION & MEDIA STUDIES,A,SINHALA,A,046,B,new,10,March,2001,female
174178,COMMERCE,1.5803,95 (NEW),2949,2020,ECONOMICS,A,BUSINESS STUDIES,A,ACCOUNTING,A,052,S,new,25,May,2001,female
174234,ARTS,1.5007,157 (NEW),5084,2020,GEOGRAPHY,A,POLITICAL SCIENCE,A,SINHALA,A,046,C,new,1,January,2002,female
174268,COMMERCE,1.5775,98 (NEW),2980,2020,ECONOMICS,A,BUSINESS STUDIES,A,ACCOUNTING,A,044,S,new,25,July,2001,female
174307,COMMERCE,1.3972,155 (NEW),4941,2020,ECONOMICS,A,BUSINESS STUDIES,A,ACCOUNTING,A,048,B,new,23,September,2001,female
174321,COMMERCE,1.5486,103 (NEW),3275,2020,ECONOMICS,A,BUSINESS STUDIES,A,ACCOUNTING,A,064,A,new,7,July,2001,female
174723,COMMERCE,1.4996,123 (NEW),3767,2020,ECONOMICS,A,BUSINESS STUDIES,A,ACCOUNTING,A,054,S,new,24,May,2001,female
174741,COMMERCE,1.5783,96 (NEW),2971,2020,ECONOMICS,A,BUSINESS STUDIES,A,ACCOUNTING,A,060,C,new,7,June,2001,female
174824,ARTS,1.4594,184 (NEW),5838,2020,GEOGRAPHY,A,ORIENTAL MUSIC,A,SINHALA,A,054,C,new,20,January,2001,male
174937,COMMERCE,1.3938,157 (NEW),4988,2020,ECONOMICS,A,BUSINESS STUDIES,A,ACCOUNTING,A,050,A,new,7,October,2001,female
174996,ARTS,1.4778,176 (NEW),5497,2020,HISTORY OF SRI LANKA & INDIA,A,BUDDHIST CIVILIZATION,A,SINHALA,A,034,S,new,25,July,2001,female
175044,ARTS,1.602,111 (NEW),3636,2020,POLITICAL SCIENCE,A,BUDDHIST CIVILIZATION,A,SINHALA,A,034,S,new,8,October,2001,female
175157,COMMERCE,1.5169,115 (NEW),3570,2020,ECONOMICS,A,BUSINESS STUDIES,A,ACCOUNTING,A,052,F,new,21,January,2002,female
175815,ARTS,1.6942,77 (NEW),2530,2020,GEOGRAPHY,A,POLITICAL SCIENCE,A,SINHALA,A,048,B,new,11,September,2001,female
175852,COMMERCE,1.6061,88 (NEW),2743,2020,ECONOMICS,A,BUSINESS STUDIES,A,ACCOUNTING,A,056,B,new,8,December,2001,male
175890,ARTS,1.5596,131 (NEW),4178,2020,HISTORY OF SRI LANKA & INDIA,A,BUDDHIST CIVILIZATION,A,SINHALA,A,038,S,new,17,November,2001,female
175987,ARTS,1.5616,130 (NEW),4150,2020,POLITICAL SCIENCE,A,HISTORY OF SRI LANKA & INDIA,A,SINHALA,A,034,C,new,7,October,2001,female
176017,ARTS,1.5707,123 (NEW),4016,2020,GEOGRAPHY,A,HISTORY OF SRI LANKA & INDIA,A,SINHALA,A,032,F,new,4,August,2001,male
176230,COMMERCE,1.5315,111 (NEW),3426,2020,ECONOMICS,A,BUSINESS STUDIES,A,ACCOUNTING,A,050,B,new,10,April,2001,female
176260,COMMERCE,1.4809,128 (NEW),3956,2020,ECONOMICS,A,BUSINESS STUDIES,A,ACCOUNTING,A,052,C,new,22,October,2001,female
176377,ARTS,1.6399,91 (NEW),3166,2020,GEOGRAPHY,A,ISLAMIC CIVILIZATION,A,TAMIL,A,044,S,new,6,May,2001,female
176382,COMMERCE,1.5981,92 (NEW),2800,2020,ECONOMICS,A,BUSINESS STUDIES,A,ACCOUNTING,A,052,C,new,25,January,2002,female
176516,COMMERCE,1.5428,106 (NEW),3316,2020,ECONOMICS,A,BUSINESS STUDIES,A,ACCOUNTING,A,054,S,new,9,August,2001,female
176524,ARTS,1.5419,136 (NEW),4409,2020,ECONOMICS,A,POLITICAL SCIENCE,A,SINHALA,A,054,A,new,6,June,2001,female
176576,COMMERCE,1.6261,85 (NEW),2591,2020,ECONOMICS,A,BUSINESS STUDIES,A,ACCOUNTING,A,068,S,new,26,March,2001,female
176759,ARTS,1.6041,110 (NEW),3600,2020,GEOGRAPHY,A,BUDDHIST CIVILIZATION,A,SINHALA,A,044,F,new,21,May,2001,female
176787,ARTS,1.6754,85 (NEW),2770,2020,GEOGRAPHY,A,POLITICAL SCIENCE,A,SINHALA,A,038,F,new,29,December,2001,male
176841,ARTS,1.6889,78 (NEW),2588,2020,GEOGRAPHY,A,HISTORY OF SRI LANKA & INDIA,A,SINHALA,A,052,B,new,30,July,2001,female
176984,COMMERCE,1.5054,120 (NEW),3688,2020,ECONOMICS,A,BUSINESS STUDIES,A,ACCOUNTING,A,Absent,F,new,5,February,2000,male
177086,COMMERCE,1.4996,123 (NEW),3767,2020,ECONOMICS,A,BUSINESS STUDIES,A,ACCOUNTING,A,056,S,new,9,November,2000,male
177136,ARTS,1.3001,294 (NEW),9160,2020,POLITICAL SCIENCE,A,DANCING(INDIGENOUS),A,SINHALA,A,028,F,new,19,April,2001,male
177182,ARTS,1.5282,142 (NEW),4654,2020,GEOGRAPHY,A,HISTORY OF SRI LANKA & INDIA,A,SINHALA,A,044,S,new,20,July,2001,female
177273,ARTS,1.4514,188 (NEW),5984,2020,HISTORY OF SRI LANKA & INDIA,A,ORIENTAL MUSIC,A,SINHALA,A,032,C,new,10,January,2002,female
177479,ARTS,1.6944,76 (NEW),2528,2020,POLITICAL SCIENCE,A,HISTORY OF SRI LANKA & INDIA,A,SINHALA,A,058,B,new,26,October,2001,female
177488,ARTS,1.5529,133 (NEW),4255,2020,ECONOMICS,A,GEOGRAPHY,A,SINHALA,A,058,B,new,10,May,2001,female
177501,COMMERCE,1.5328,110 (NEW),3414,2020,ECONOMICS,A,BUSINESS STUDIES,A,ACCOUNTING,A,062,C,new,20,July,2001,female
177587,COMMERCE,1.4694,134 (NEW),4066,2020,ECONOMICS,A,BUSINESS STUDIES,A,ACCOUNTING,A,056,B,new,8,September,2001,female
177643,COMMERCE,1.6113,87 (NEW),2694,2020,ECONOMICS,A,BUSINESS STUDIES,A,ACCOUNTING,A,050,C,new,1,May,2000,male
177719,ARTS,1.6226,99 (NEW),3373,2020,POLITICAL SCIENCE,A,HISTORY OF SRI LANKA & INDIA,A,SINHALA,A,034,C,new,1,February,2001,female
177883,COMMERCE,1.4229,149 (NEW),4623,2020,ECONOMICS,A,BUSINESS STUDIES,A,ACCOUNTING,A,068,A,new,12,February,2001,female
177904,COMMERCE,1.4775,130 (NEW),3981,2020,ECONOMICS,A,BUSINESS STUDIES,A,ACCOUNTING,A,Absent,B,new,4,September,2000,female
178135,COMMERCE,1.6272,84 (NEW),2580,2020,ECONOMICS,A,BUSINESS STUDIES,A,ACCOUNTING,A,056,F,new,8,March,2001,male
178332,COMMERCE,1.606,89 (NEW),2744,2020,ECONOMICS,A,BUSINESS STUDIES,A,ACCOUNTING,A,052,S,new,19,May,2001,female
178459,COMMERCE,1.5743,100 (NEW),3012,2020,ECONOMICS,A,BUSINESS STUDIES,A,ACCOUNTING,A,060,A,new,22,August,2001,female
178614,COMMERCE,1.6038,90 (NEW),2757,2020,ECONOMICS,A,BUSINESS STUDIES,A,ACCOUNTING,A,060,F,new,21,August,2001,female
178660,ARTS,1.619,102 (NEW),3428,2020,POLITICAL SCIENCE,A,CHRISTIANITY,A,SINHALA,A,040,C,new,30,November,2001,female
179094,ARTS,1.6801,84 (NEW),2706,2020,POLITICAL SCIENCE,A,BUDDHIST CIVILIZATION,A,SINHALA,A,046,F,new,28,September,2001,female
179291,COMMERCE,1.5064,118 (NEW),3676,2020,ECONOMICS,A,BUSINESS STUDIES,A,ACCOUNTING,A,046,C,new,6,December,2000,male
179483,COMMERCE,1.5134,117 (NEW),3607,2020,ECONOMICS,A,BUSINESS STUDIES,A,ACCOUNTING,A,042,A,new,18,May,2000,female
179507,ARTS,1.6108,106 (NEW),3522,2020,COMMUNICATION & MEDIA STUDIES,A,ORIENTAL MUSIC,A,SINHALA,A,Absent,A,new,16,May,1999,male
179762,ARTS,1.5171,149 (NEW),4818,2020,POLITICAL SCIENCE,A,CHRISTIANITY,A,SINHALA,A,042,C,new,13,February,2000,female
179770,COMMERCE,1.619,86 (NEW),2645,2020,ECONOMICS,A,BUSINESS STUDIES,A,ACCOUNTING,A,052,S,new,19,January,2002,female
179919,ARTS,1.6691,87 (NEW),2843,2020,GEOGRAPHY,A,POLITICAL SCIENCE,A,ISLAM,A,036,F,new,28,May,2001,female
179989,COMMERCE,1.4985,125 (NEW),3781,2020,ECONOMICS,A,BUSINESS STUDIES,A,ACCOUNTING,A,040,S,new,24,April,2001,male
180080,ARTS,1.4563,185 (NEW),5896,2020,POLITICAL SCIENCE,A,CHRISTIANITY,A,SINHALA,A,048,C,new,21,December,2001,female
180320,COMMERCE,1.5276,113 (NEW),3459,2020,ECONOMICS,A,BUSINESS STUDIES,A,ACCOUNTING,A,056,C,new,15,April,2001,male
180359,COMMERCE,1.6014,91 (NEW),2770,2020,ECONOMICS,A,BUSINESS STUDIES,A,ACCOUNTING,A,052,F,new,22,July,2001,female
180876,ARTS,1.5253,143 (NEW),4699,2020,GEOGRAPHY,A,ISLAM,A,TAMIL,A,038,C,new,5,May,2001,female
180917,ARTS,1.5848,116 (NEW),3839,2020,GEOGRAPHY,A,ISLAM,A,TAMIL,A,036,S,new,1,November,2001,female
181189,COMMERCE,1.5777,97 (NEW),2977,2020,ECONOMICS,A,BUSINESS STUDIES,A,ACCOUNTING,A,054,C,new,24,March,2001,female
181505,COMMERCE,1.5766,99 (NEW),2989,2020,ECONOMICS,A,BUSINESS STUDIES,A,ACCOUNTING,A,058,A,new,9,November,2001,female
181565,ARTS,1.523,144 (NEW),4736,2020,POLITICAL SCIENCE,A,BUDDHIST CIVILIZATION,A,SINHALA,A,030,F,new,27,May,2001,female
181644,ARTS,1.6859,80 (NEW),2624,2020,POLITICAL SCIENCE,A,BUDDHIST CIVILIZATION,A,SINHALA,A,038,S,new,31,December,2001,female
182055,ARTS,1.5153,150 (NEW),4856,2020,POLITICAL SCIENCE,A,ISLAMIC CIVILIZATION,A,TAMIL,A,040,F,new,4,May,2000,female
182258,COMMERCE,1.5254,114 (NEW),3487,2020,ECONOMICS,A,BUSINESS STUDIES,A,ACCOUNTING,A,056,S,new,6,July,2001,female
183014,COMMERCE,1.5311,97 (NEW),3434,2020,ECONOMICS,A,BUSINESS STUDIES,A,ACCOUNTING,A,050,C,new,3,April,2001,female
183067,COMMERCE,1.5413,91 (NEW),3329,2020,ECONOMICS,A,BUSINESS STUDIES,A,ACCOUNTING,A,058,C,new,23,March,2001,female
183129,COMMERCE,1.4137,143 (NEW),4728,2020,ECONOMICS,A,BUSINESS STUDIES,A,ACCOUNTING,A,056,B,new,15,December,2001,female
183138,COMMERCE,1.61,74 (NEW),2702,2020,ECONOMICS,A,BUSINESS STUDIES,A,ACCOUNTING,A,054,S,new,15,October,2001,female
183151,COMMERCE,1.4433,127 (NEW),4374,2020,ECONOMICS,A,BUSINESS STUDIES,A,ACCOUNTING,A,046,B,new,10,June,2001,female
183162,COMMERCE,1.5542,87 (NEW),3219,2020,ECONOMICS,A,BUSINESS STUDIES,A,ACCOUNTING,A,054,S,new,27,February,2001,female
183165,ARTS,1.6818,159 (NEW),2679,2020,POLITICAL SCIENCE,A,BUDDHIST CIVILIZATION,A,SINHALA,A,052,S,new,18,November,2001,male
183179,COMMERCE,1.4996,108 (NEW),3767,2020,ECONOMICS,A,BUSINESS STUDIES,A,ACCOUNTING,A,052,S,new,7,March,2001,female
183195,ARTS,1.6756,166 (NEW),2765,2020,POLITICAL SCIENCE,A,BUDDHIST CIVILIZATION,A,SINHALA,A,036,S,new,8,September,2001,female
183308,ARTS,1.4275,348 (NEW),6417,2020,GEOGRAPHY,A,DANCING(INDIGENOUS),A,CHINESE,A,038,S,new,19,March,2001,female
183324,ARTS,1.5881,208 (NEW),3806,2020,POLITICAL SCIENCE,A,BUDDHIST CIVILIZATION,A,SINHALA,A,038,F,new,17,October,2001,female
183699,COMMERCE,1.3397,175 (NEW),5648,2020,ECONOMICS,A,BUSINESS STUDIES,A,ACCOUNTING,A,Absent,S,new,13,February,2000,female
183712,COMMERCE,1.4097,145 (NEW),4765,2020,ECONOMICS,A,BUSINESS STUDIES,A,ACCOUNTING,A,054,C,new,13,September,2000,female
184033,COMMERCE,1.5246,100 (NEW),3500,2020,ECONOMICS,A,BUSINESS STUDIES,A,ACCOUNTING,A,052,F,new,15,November,2001,male
184094,COMMERCE,1.4178,139 (NEW),4679,2020,ECONOMICS,A,BUSINESS STUDIES,A,ACCOUNTING,A,052,S,new,25,December,2001,male
184124,COMMERCE,1.3636,166 (NEW),5346,2020,ECONOMICS,A,BUSINESS STUDIES,A,ACCOUNTING,A,046,F,new,25,July,2001,male
184196,COMMERCE,1.5878,80 (NEW),2887,2020,ECONOMICS,A,BUSINESS STUDIES,A,ACCOUNTING,A,064,F,new,12,January,2002,female
184515,ARTS,1.4219,354 (NEW),6525,2020,POLITICAL SCIENCE,A,BUDDHIST CIVILIZATION,A,SINHALA,A,028,F,new,28,December,2001,male
184609,ARTS,1.3665,414 (NEW),7625,2020,POLITICAL SCIENCE,A,HISTORY OF SRI LANKA & EUROPE,A,ISLAMIC CIVILIZATION,A,036,S,new,23,July,1999,female
184712,ARTS,1.636,186 (NEW),3211,2020,COMMUNICATION & MEDIA STUDIES,A,BUDDHIST CIVILIZATION,A,SINHALA,A,Absent,F,new,13,June,2000,female
184787,ARTS,1.6815,160 (NEW),2684,2020,POLITICAL SCIENCE,A,HISTORY OF SRI LANKA & INDIA,A,SINHALA,A,036,F,new,6,October,2001,female
184815,ARTS,1.2751,533 (NEW),9735,2020,HISTORY OF SRI LANKA & INDIA,A,ORIENTAL MUSIC,A,SINHALA,A,036,S,new,18,September,2001,female
185004,ARTS,1.6444,183 (NEW),3120,2020,HISTORY OF SRI LANKA & INDIA,A,BUDDHIST CIVILIZATION,A,SINHALA,A,050,C,new,17,July,1999,female
185817,COMMERCE,1.6244,69 (NEW),2606,2020,ECONOMICS,A,BUSINESS STUDIES,A,ACCOUNTING,A,052,A,new,19,March,2001,female
185873,COMMERCE,1.4473,124 (NEW),4321,2020,ECONOMICS,A,BUSINESS STUDIES,A,ACCOUNTING,A,062,S,new,14,December,2001,female
185926,COMMERCE,1.5419,90 (NEW),3325,2020,ECONOMICS,A,BUSINESS STUDIES,A,ACCOUNTING,A,058,A,new,16,September,2001,female
185982,COMMERCE,1.4546,120 (NEW),4227,2020,ECONOMICS,A,BUSINESS STUDIES,A,ACCOUNTING,A,050,C,new,9,April,2001,female
186181,ARTS,1.6409,185 (NEW),3157,2020,GEOGRAPHY,A,BUDDHIST CIVILIZATION,A,SINHALA,A,048,F,new,5,February,2001,male
187027,COMMERCE,1.5083,106 (NEW),3659,2020,ECONOMICS,A,BUSINESS STUDIES,A,ACCOUNTING,A,062,S,new,30,May,2000,female
187048,COMMERCE,1.5899,79 (NEW),2867,2020,ECONOMICS,A,BUSINESS STUDIES,A,ACCOUNTING,A,Absent,S,new,7,July,2000,female
187090,COMMERCE,1.5251,99 (NEW),3491,2020,ECONOMICS,A,BUSINESS STUDIES,A,ACCOUNTING,A,060,S,new,22,October,2001,female
187214,ARTS,1.6681,172 (NEW),2849,2020,GEOGRAPHY,A,POLITICAL SCIENCE,A,SINHALA,A,050,C,new,19,November,2001,female
187929,COMMERCE,1.4052,148 (NEW),4828,2020,ECONOMICS,A,BUSINESS STUDIES,A,ACCOUNTING,A,046,F,new,15,June,2001,female
188270,COMMERCE,1.539,93 (NEW),3362,2020,ECONOMICS,A,BUSINESS STUDIES,A,ACCOUNTING,A,058,Absent,new,24,October,1998,male
188774,ARTS,1.5701,221 (NEW),4020,2020,GEOGRAPHY,A,ISLAMIC CIVILIZATION,A,TAMIL,A,040,F,new,11,January,2002,male
189002,COMMERCE,1.4018,150 (NEW),4883,2020,ECONOMICS,A,BUSINESS STUDIES,A,ACCOUNTING,A,062,S,new,1,February,2001,female
189061,COMMERCE,1.5368,94 (NEW),3383,2020,ECONOMICS,A,BUSINESS STUDIES,A,ACCOUNTING,A,060,C,new,8,May,2001,male
189162,ARTS,1.402,365 (NEW),6880,2020,GEOGRAPHY,A,DANCING(INDIGENOUS),A,SINHALA,A,048,F,new,12,July,2001,female
189167,ARTS,1.6945,150 (NEW),2527,2020,GEOGRAPHY,A,HISTORY OF SRI LANKA & INDIA,A,SINHALA,A,052,C,new,20,February,2001,female
189177,ARTS,1.6188,193 (NEW),3431,2020,POLITICAL SCIENCE,A,BUDDHIST CIVILIZATION,A,SINHALA,A,062,S,new,2,August,2001,female
189187,ARTS,1.6844,158 (NEW),2645,2020,GEOGRAPHY,A,BUDDHIST CIVILIZATION,A,SINHALA,A,046,S,new,28,September,2001,female
189233,ARTS,1.615,196 (NEW),3475,2020,GEOGRAPHY,A,HISTORY OF SRI LANKA & INDIA,A,SINHALA,A,046,S,new,4,October,2001,female
189483,ARTS,1.5889,206 (NEW),3796,2020,POLITICAL SCIENCE,A,HISTORY OF SRI LANKA & INDIA,A,SINHALA,A,056,S,new,22,July,2000,female
189599,COMMERCE,1.6169,72 (NEW),2663,2020,ECONOMICS,A,BUSINESS STUDIES,A,ACCOUNTING,A,056,C,new,6,March,2000,female
189621,COMMERCE,1.5841,82 (NEW),2919,2020,ECONOMICS,A,BUSINESS STUDIES,A,ACCOUNTING,A,066,B,new,1,July,2000,female
189649,ARTS,1.616,194 (NEW),3460,2020,POLITICAL SCIENCE,A,BUDDHIST CIVILIZATION,A,SINHALA,A,034,S,new,23,January,2002,female
189727,ARTS,1.6892,154 (NEW),2585,2020,HISTORY OF SRI LANKA & INDIA,A,BUDDHIST CIVILIZATION,A,SINHALA,A,040,Absent,new,13,March,2000,female
189880,COMMERCE,1.5105,105 (NEW),3638,2020,ECONOMICS,A,BUSINESS STUDIES,A,ACCOUNTING,A,Absent,S,new,26,April,2000,female
189976,ARTS,1.6876,155 (NEW),2607,2020,GEOGRAPHY,A,HISTORY OF SRI LANKA & INDIA,A,SINHALA,A,048,F,new,26,April,2001,male
190618,ARTS,1.6707,170 (NEW),2820,2020,POLITICAL SCIENCE,A,BUDDHIST CIVILIZATION,A,SINHALA,A,058,S,new,5,September,2001,female
190754,ARTS,1.5158,266 (NEW),4845,2020,GEOGRAPHY,A,BUDDHIST CIVILIZATION,A,SINHALA,A,036,S,new,22,October,2001,female
191096,COMMERCE,1.449,122 (NEW),4303,2020,ECONOMICS,A,BUSINESS STUDIES,A,ACCOUNTING,A,056,S,new,25,January,2001,female
191882,ARTS,1.6031,199 (NEW),3615,2020,GEOGRAPHY,A,BUDDHIST CIVILIZATION,A,SINHALA,A,036,F,new,23,September,2001,female
191931,ARTS,1.6807,162 (NEW),2697,2020,POLITICAL SCIENCE,A,BUDDHIST CIVILIZATION,A,SINHALA,A,044,C,new,8,June,2001,female
192073,ARTS,1.5366,246 (NEW),4501,2020,GEOGRAPHY,A,POLITICAL SCIENCE,A,ISLAM,A,046,C,new,5,July,2001,male
192365,COMMERCE,1.6267,68 (NEW),2585,2020,ECONOMICS,A,BUSINESS STUDIES,A,ACCOUNTING,A,052,S,new,21,October,2001,female
192414,ARTS,1.4879,286 (NEW),5315,2020,POLITICAL SCIENCE,A,BUDDHISM,A,SINHALA,A,036,F,new,7,May,2001,female
192440,ARTS,1.479,297 (NEW),5469,2020,GEOGRAPHY,A,BUDDHIST CIVILIZATION,A,SINHALA,A,034,F,new,12,July,2001,female
192444,ARTS,1.5622,228 (NEW),4140,2020,POLITICAL SCIENCE,A,BUDDHIST CIVILIZATION,A,SINHALA,A,050,S,new,17,February,2001,female
192459,COMMERCE,1.6032,77 (NEW),2761,2020,ECONOMICS,A,BUSINESS STUDIES,A,ACCOUNTING,A,056,C,new,14,September,2001,female
192475,ARTS,1.4146,361 (NEW),6657,2020,ECONOMICS,A,GEOGRAPHY,A,SINHALA,A,048,S,new,12,November,2001,female
192606,COMMERCE,1.4546,120 (NEW),4227,2020,ECONOMICS,A,BUSINESS STUDIES,A,ACCOUNTING,A,058,S,new,26,September,2000,female
192926,ARTS,1.6535,179 (NEW),3009,2020,POLITICAL SCIENCE,A,BUDDHIST CIVILIZATION,A,SINHALA,A,046,S,new,13,January,1998,female
193152,COMMERCE,1.5229,101 (NEW),3518,2020,ECONOMICS,A,BUSINESS STUDIES,A,ACCOUNTING,A,054,F,new,4,September,2001,male
193210,COMMERCE,1.5655,84 (NEW),3092,2020,ECONOMICS,A,BUSINESS STUDIES,A,ACCOUNTING,A,040,F,new,2,June,2000,male
193725,ARTS,1.5884,207 (NEW),3802,2020,GEOGRAPHY,A,BUDDHIST CIVILIZATION,A,SINHALA,A,042,F,new,6,June,2000,male
193729,COMMERCE,1.4672,116 (NEW),4099,2020,ECONOMICS,A,BUSINESS STUDIES,A,ACCOUNTING,A,050,Absent,new,6,March,2000,female
193744,ARTS,1.5239,257 (NEW),4727,2020,POLITICAL SCIENCE,A,DANCING(INDIGENOUS),A,SINHALA,A,034,S,new,23,July,2001,female
193827,ARTS,1.62,192 (NEW),3411,2020,GEOGRAPHY,A,BUDDHIST CIVILIZATION,A,SINHALA,A,044,F,new,23,November,2001,female
194000,ARTS,1.6489,181 (NEW),3057,2020,POLITICAL SCIENCE,A,BUDDHIST CIVILIZATION,A,SINHALA,A,040,S,new,24,January,2002,female
194217,ARTS,1.4394,334 (NEW),6211,2020,HISTORY OF SRI LANKA & EUROPE,A,ISLAMIC CIVILIZATION,A,ARABIC,A,042,F,new,11,November,2001,female
194663,ARTS,1.6201,191 (NEW),3410,2020,HISTORY OF SRI LANKA & INDIA,A,BUDDHIST CIVILIZATION,A,SINHALA,A,042,F,new,13,December,2000,female
194766,ARTS,1.6915,152 (NEW),2556,2020,HISTORY OF SRI LANKA & INDIA,A,BUDDHIST CIVILIZATION,A,SINHALA,A,048,F,new,13,April,2001,female
194797,ARTS,1.6729,168 (NEW),2800,2020,HISTORY OF SRI LANKA & INDIA,A,BUDDHIST CIVILIZATION,A,SINHALA,A,038,F,new,8,April,2000,female
195073,ARTS,1.5744,215 (NEW),3971,2020,COMMUNICATION & MEDIA STUDIES,A,BUDDHIST CIVILIZATION,A,SINHALA,A,062,S,new,3,February,2000,female
195404,ARTS,1.6019,200 (NEW),3637,2020,GEOGRAPHY,A,HISTORY OF SRI LANKA & EUROPE,A,TAMIL,A,042,F,new,16,September,2001,female
195572,COMMERCE,1.5868,81 (NEW),2894,2020,ECONOMICS,A,BUSINESS STUDIES,A,ACCOUNTING,A,058,F,new,5,January,2002,female
195624,ARTS,1.5733,217 (NEW),3982,2020,POLITICAL SCIENCE,A,BUDDHIST CIVILIZATION,A,SINHALA,A,038,F,new,10,February,2000,male
195653,ARTS,1.5663,224 (NEW),4071,2020,POLITICAL SCIENCE,A,BUDDHIST CIVILIZATION,A,SINHALA,A,046,S,new,11,May,2001,female
195748,ARTS,1.6438,184 (NEW),3127,2020,POLITICAL SCIENCE,A,BUDDHIST CIVILIZATION,A,SINHALA,A,054,S,new,7,March,2001,female
196012,COMMERCE,1.461,118 (NEW),4167,2020,ECONOMICS,A,BUSINESS STUDIES,A,ACCOUNTING,A,048,C,new,12,May,2001,female
196013,COMMERCE,1.606,76 (NEW),2744,2020,ECONOMICS,A,BUSINESS STUDIES,A,ACCOUNTING,A,054,C,new,28,November,2000,male
196056,ARTS,1.6786,165 (NEW),2723,2020,ECONOMICS,A,POLITICAL SCIENCE,A,SINHALA,A,046,S,new,18,July,2001,female
196126,COMMERCE,1.6213,71 (NEW),2630,2020,ECONOMICS,A,BUSINESS STUDIES,A,ACCOUNTING,A,062,C,new,27,April,2001,male
196141,COMMERCE,1.5184,102 (NEW),3555,2020,ECONOMICS,A,BUSINESS STUDIES,A,ACCOUNTING,A,052,S,new,11,October,1999,male
196176,COMMERCE,1.5162,103 (NEW),3579,2020,ECONOMICS,A,BUSINESS STUDIES,A,ACCOUNTING,A,062,S,new,18,February,2001,male
196251,ARTS,1.6611,52 (NEW),2926,2020,GEOGRAPHY,A,POLITICAL SCIENCE,A,SINHALA,A,048,S,new,8,October,2000,female
196270,ARTS,1.6131,60 (NEW),3492,2020,GEOGRAPHY,A,BUDDHIST CIVILIZATION,A,SINHALA,A,042,S,new,5,July,2001,female
196272,COMMERCE,1.4347,57 (NEW),4489,2020,ECONOMICS,A,BUSINESS STUDIES,A,ACCOUNTING,A,048,S,new,26,October,2001,male
196497,ARTS,1.4565,318 (NEW),5893,2020,POLITICAL SCIENCE,A,BUDDHIST CIVILIZATION,A,SINHALA,A,046,F,new,12,May,2000,female
196650,COMMERCE,1.4371,129 (NEW),4454,2020,ECONOMICS,A,BUSINESS STUDIES,A,ACCOUNTING,A,064,F,new,24,September,2000,male
196665,ARTS,1.6952,149 (NEW),2519,2020,BUDDHISM,A,PALI,A,SANSKRIT,A,048,F,new,20,January,2000,male
196717,ARTS,1.1349,719 (NEW),13246,2020,ISLAM,A,TAMIL,A,ARABIC,A,038,F,new,12,November,2000,female
196790,ARTS,1.4443,162 (NEW),6113,2020,GEOGRAPHY,A,BUDDHIST CIVILIZATION,A,SINHALA,A,046,F,new,27,April,2001,male
196984,COMMERCE,1.512,56 (NEW),3623,2020,ECONOMICS,A,BUSINESS STUDIES,A,ACCOUNTING,A,054,F,new,25,June,2000,male
196996,ARTS,1.566,113 (NEW),4077,2020,GEOGRAPHY,A,BUDDHIST CIVILIZATION,A,SINHALA,A,044,F,new,12,February,2000,female
197026,ARTS,1.6628,80 (NEW),2909,2020,POLITICAL SCIENCE,A,BUDDHIST CIVILIZATION,A,SINHALA,A,046,F,new,22,October,2001,female
197272,ARTS,1.605,101 (NEW),3584,2020,HISTORY OF SRI LANKA & INDIA,A,BUDDHIST CIVILIZATION,A,SINHALA,A,052,F,new,18,September,2001,female
197737,ARTS,1.551,119 (NEW),4280,2020,COMMUNICATION & MEDIA STUDIES,A,ORIENTAL MUSIC,A,SINHALA,A,Absent,F,new,2,April,2000,female
197785,COMMERCE,1.4154,69 (NEW),4711,2020,ECONOMICS,A,BUSINESS STUDIES,A,ACCOUNTING,A,056,S,new,16,January,2002,female
197845,ARTS,1.5642,115 (NEW),4110,2020,POLITICAL SCIENCE,A,DANCING(INDIGENOUS),A,SINHALA,A,042,F,new,20,April,2001,female
197961,ARTS,1.6185,94 (NEW),3437,2020,HISTORY OF SRI LANKA & INDIA,A,BUDDHIST CIVILIZATION,A,SINHALA,A,038,F,new,18,June,2001,female
198040,COMMERCE,1.5315,53 (NEW),3426,2020,ECONOMICS,A,BUSINESS STUDIES,A,ACCOUNTING,A,046,C,new,2,October,2001,male
198052,COMMERCE,1.6151,48 (NEW),2672,2020,ECONOMICS,A,BUSINESS STUDIES,A,ACCOUNTING,A,038,C,new,3,March,2001,female
198061,COMMERCE,1.6151,48 (NEW),2672,2020,ECONOMICS,A,BUSINESS STUDIES,A,ACCOUNTING,A,046,C,new,18,July,2001,female
198070,COMMERCE,1.5179,55 (NEW),3561,2020,ECONOMICS,A,BUSINESS STUDIES,A,ACCOUNTING,A,038,S,new,5,September,2001,female
198150,COMMERCE,1.6244,47 (NEW),2606,2020,ECONOMICS,A,BUSINESS STUDIES,A,ACCOUNTING,A,054,C,new,9,January,2002,male
198366,ARTS,1.2021,284 (NEW),11426,2020,HISTORY OF SRI LANKA & INDIA,A,ORIENTAL MUSIC,A,SINHALA,A,020,F,new,10,April,2001,female
198410,ARTS,1.6461,86 (NEW),3100,2020,GEOGRAPHY,A,POLITICAL SCIENCE,A,SINHALA,A,040,S,new,28,November,2001,female
198964,ARTS,1.6701,76 (NEW),2829,2020,GEOGRAPHY,A,POLITICAL SCIENCE,A,SINHALA,A,Absent,Absent,new,22,January,2001,female
199137,COMMERCE,1.4963,57 (NEW),3805,2020,ECONOMICS,A,BUSINESS STUDIES,A,ACCOUNTING,A,060,S,new,13,December,2001,female
199245,ARTS,1.5174,132 (NEW),4813,2020,GEOGRAPHY,A,DANCING(INDIGENOUS),A,SINHALA,A,036,F,new,16,July,2001,female
199396,ARTS,1.5643,114 (NEW),4105,2020,ECONOMICS,A,GEOGRAPHY,A,SINHALA,A,Absent,C,new,19,October,2000,female
199530,ARTS,1.5864,106 (NEW),3822,2020,POLITICAL SCIENCE,A,ISLAMIC CIVILIZATION,A,TAMIL,A,052,F,new,21,May,2001,female
199535,ARTS,1.5766,110 (NEW),3946,2020,POLITICAL SCIENCE,A,ISLAMIC CIVILIZATION,A,TAMIL,A,052,C,new,29,November,2001,female
199544,ARTS,1.6135,95 (NEW),3489,2020,POLITICAL SCIENCE,A,ISLAMIC CIVILIZATION,A,TAMIL,A,036,C,new,8,October,2001,female
199649,ARTS,1.5805,107 (NEW),3898,2020,GEOGRAPHY,A,POLITICAL SCIENCE,A,ISLAMIC CIVILIZATION,A,030,S,new,1,April,2001,female
200459,COMMERCE,1.4593,65 (NEW),4186,2020,ECONOMICS,A,BUSINESS STUDIES,A,ACCOUNTING,A,060,S,new,5,December,2001,female
200671,ARTS,1.6922,73 (NEW),2548,2020,POLITICAL SCIENCE,A,BUDDHIST CIVILIZATION,A,SINHALA,A,060,F,new,18,September,2001,female
200742,ARTS,1.534,124 (NEW),4558,2020,POLITICAL SCIENCE,A,HISTORY OF SRI LANKA & INDIA,A,SINHALA,A,020,F,new,13,April,2001,female
200757,ARTS,1.2337,263 (NEW),10693,2020,POLITICAL SCIENCE,A,ORIENTAL MUSIC,A,SINHALA,A,048,C,new,18,August,2001,female
200846,ARTS,1.6592,81 (NEW),2941,2020,GEOGRAPHY,A,BUDDHIST CIVILIZATION,A,SINHALA,A,034,S,new,14,November,2000,female
201187,ARTS,1.4991,143 (NEW),5108,2020,GEOGRAPHY,A,ORIENTAL MUSIC,A,SINHALA,A,046,S,new,28,August,2001,female
201275,ARTS,1.4392,168 (NEW),6216,2020,POLITICAL SCIENCE,A,BUDDHIST CIVILIZATION,A,SINHALA,A,034,F,new,18,November,2000,female
201304,ARTS,1.6323,87 (NEW),3266,2020,ECONOMICS,A,POLITICAL SCIENCE,A,SINHALA,A,056,B,new,31,October,2000,female
201349,COMMERCE,1.4871,60 (NEW),3895,2020,ECONOMICS,A,BUSINESS STUDIES,A,ACCOUNTING,A,Absent,Absent,new,18,May,2000,male
201715,ARTS,1.6527,85 (NEW),3019,2020,GEOGRAPHY,A,BUDDHIST CIVILIZATION,A,SINHALA,A,044,C,new,23,January,2001,male
201734,ARTS,1.4899,145 (NEW),5288,2020,GEOGRAPHY,A,DANCING(INDIGENOUS),A,SINHALA,A,040,F,new,28,April,2001,female
202087,ARTS,1.4109,179 (NEW),6728,2020,POLITICAL SCIENCE,A,DANCING(INDIGENOUS),A,SINHALA,A,042,F,new,31,May,2001,female
202191,ARTS,1.6572,82 (NEW),2966,2020,GEOGRAPHY,A,POLITICAL SCIENCE,A,SINHALA,A,018,F,new,25,March,2000,female
202205,ARTS,1.629,88 (NEW),3302,2020,GEOGRAPHY,A,POLITICAL SCIENCE,A,SINHALA,A,044,F,new,2,February,2001,female
202413,ARTS,1.5009,142 (NEW),5079,2020,POLITICAL SCIENCE,A,BUDDHIST CIVILIZATION,A,SINHALA,A,040,S,new,31,May,2001,female
202449,COMMERCE,1.5944,50 (NEW),2830,2020,ECONOMICS,A,BUSINESS STUDIES,A,ACCOUNTING,A,048,F,new,2,September,2001,female
202474,ARTS,1.6677,77 (NEW),2857,2020,GEOGRAPHY,A,BUDDHIST CIVILIZATION,A,SINHALA,A,034,F,new,12,September,2001,female
202485,ARTS,1.5067,137 (NEW),4989,2020,GEOGRAPHY,A,BUDDHIST CIVILIZATION,A,SINHALA,A,052,F,new,4,April,2001,female
202572,ARTS,1.6062,100 (NEW),3570,2020,GEOGRAPHY,A,DANCING(INDIGENOUS),A,SINHALA,A,040,S,new,2,March,2001,female
202616,ARTS,1.5772,109 (NEW),3938,2020,GEOGRAPHY,A,BUDDHIST CIVILIZATION,A,SINHALA,A,042,S,new,13,November,2001,female
202644,ARTS,1.5619,116 (NEW),4146,2020,POLITICAL SCIENCE,A,HISTORY OF SRI LANKA & INDIA,A,BUDDHIST CIVILIZATION,A,024,F,new,11,September,2001,female
204090,COMMERCE,1.5315,52 (NEW),3426,2020,ECONOMICS,A,BUSINESS STUDIES,A,ACCOUNTING,A,050,S,new,28,October,2000,female
204320,ARTS,1.6011,70 (NEW),3648,2020,GEOGRAPHY,A,LOGIC & SCIENTIFIC METHOD,A,HISTORY OF SRI LANKA & EUROPE,A,058,C,new,1,December,1999,female
205193,COMMERCE,1.5422,50 (NEW),3322,2020,ECONOMICS,A,BUSINESS STUDIES,A,ACCOUNTING,A,034,F,new,28,December,2000,male
205217,ARTS,1.6346,59 (NEW),3227,2020,GEOGRAPHY,A,BUDDHIST CIVILIZATION,A,SINHALA,A,040,F,new,7,July,2001,female
205225,COMMERCE,1.5411,51 (NEW),3332,2020,ECONOMICS,A,BUSINESS STUDIES,A,ACCOUNTING,A,050,S,new,28,November,2000,female
205322,COMMERCE,1.5811,44 (NEW),2944,2020,ECONOMICS,A,BUSINESS STUDIES,A,ACCOUNTING,A,060,A,new,6,September,2001,female
205326,COMMERCE,1.4548,68 (NEW),4224,2020,ECONOMICS,A,BUSINESS STUDIES,A,ACCOUNTING,A,066,S,new,21,July,2001,male
205327,COMMERCE,1.4274,76 (NEW),4566,2020,ECONOMICS,A,BUSINESS STUDIES,A,ACCOUNTING,A,066,A,new,19,September,2001,female
205382,ARTS,1.6779,50 (NEW),2730,2020,ECONOMICS,A,GEOGRAPHY,A,HISTORY OF SRI LANKA & EUROPE,A,050,B,new,16,July,2001,female
205428,COMMERCE,1.601,40 (NEW),2776,2020,ECONOMICS,A,BUSINESS STUDIES,A,ACCOUNTING,A,060,S,new,1,May,2001,female
205461,COMMERCE,1.4514,69 (NEW),4272,2020,ECONOMICS,A,BUSINESS STUDIES,A,ACCOUNTING,A,040,C,new,11,May,2001,female
205518,COMMERCE,1.5053,60 (NEW),3690,2020,ECONOMICS,A,BUSINESS STUDIES,A,ACCOUNTING,A,038,F,new,17,November,2001,male
205743,COMMERCE,1.4497,70 (NEW),4292,2020,ECONOMICS,A,BUSINESS STUDIES,A,ACCOUNTING,A,060,A,new,7,March,2001,female
205796,COMMERCE,1.5993,41 (NEW),2789,2020,ECONOMICS,A,BUSINESS STUDIES,A,ACCOUNTING,A,064,S,new,29,April,2000,female
205823,COMMERCE,1.5738,46 (NEW),3022,2020,ECONOMICS,A,BUSINESS STUDIES,A,ACCOUNTING,A,062,C,new,28,March,2001,female
206195,COMMERCE,1.4325,72 (NEW),4509,2020,ECONOMICS,A,BUSINESS STUDIES,A,ACCOUNTING,A,052,C,new,30,March,2001,female
206400,COMMERCE,1.515,57 (NEW),3589,2020,ECONOMICS,A,BUSINESS STUDIES,A,ACCOUNTING,A,040,S,new,12,April,2000,female
206479,ARTS,1.4251,131 (NEW),6463,2020,HISTORY OF SRI LANKA & EUROPE,A,ORIENTAL MUSIC,A,SINHALA,A,048,F,new,9,November,2000,male
206583,COMMERCE,1.5741,45 (NEW),3019,2020,ECONOMICS,A,BUSINESS STUDIES,A,ACCOUNTING,A,060,S,new,25,June,2000,female
206590,COMMERCE,1.5212,54 (NEW),3528,2020,ECONOMICS,A,BUSINESS STUDIES,A,ACCOUNTING,A,052,S,new,9,June,2000,female
206633,ARTS,1.6505,52 (NEW),3042,2020,GEOGRAPHY,A,DANCING(INDIGENOUS),A,SINHALA,A,056,S,new,9,January,2002,female
206634,ARTS,1.5594,85 (NEW),4182,2020,GEOGRAPHY,A,DANCING(INDIGENOUS),A,SINHALA,A,038,S,new,4,April,2001,female
206661,ARTS,1.6122,68 (NEW),3508,2020,GEOGRAPHY,A,DANCING(INDIGENOUS),A,SINHALA,A,060,F,new,8,September,2001,female
207729,ARTS,1.6475,53 (NEW),3079,2020,GEOGRAPHY,A,BUDDHIST CIVILIZATION,A,SINHALA,A,028,S,new,25,October,2000,female
207802,ARTS,1.641,55 (NEW),3155,2020,ECONOMICS,A,GEOGRAPHY,A,HOME ECONOMICS,A,054,S,new,6,November,2000,female
208133,ARTS,1.5154,96 (NEW),4852,2020,GEOGRAPHY,A,ISLAM,A,TAMIL,A,026,S,new,26,September,2001,female
208722,COMMERCE,1.4034,86 (NEW),4848,2020,ECONOMICS,A,BUSINESS STUDIES,A,ACCOUNTING,A,042,S,new,18,October,2000,female
208961,ARTS,1.5763,78 (NEW),3949,2020,ECONOMICS,A,GEOGRAPHY,A,SINHALA,A,056,S,new,29,September,2001,female
209494,ARTS,1.6254,64 (NEW),3334,2020,ECONOMICS,A,GEOGRAPHY,A,SINHALA,A,060,C,new,2,January,2001,female
209496,ARTS,1.4836,110 (NEW),5390,2020,POLITICAL SCIENCE,A,BUDDHISM,A,SINHALA,A,038,S,new,5,December,2001,male
210081,COMMERCE,1.4246,77 (NEW),4594,2020,ECONOMICS,A,BUSINESS STUDIES,A,ACCOUNTING,A,066,S,new,19,February,2000,male
210099,COMMERCE,1.5601,48 (NEW),3152,2020,ECONOMICS,A,BUSINESS STUDIES,A,ACCOUNTING,A,050,C,new,22,July,2000,female
210153,ARTS,1.4713,118 (NEW),5615,2020,HISTORY OF SRI LANKA & INDIA,A,BUDDHIST CIVILIZATION,A,SINHALA,A,040,F,new,6,February,2001,female
210183,ARTS,1.5755,80 (NEW),3959,2020,POLITICAL SCIENCE,A,BUDDHIST CIVILIZATION,A,SINHALA,A,044,F,new,30,August,2000,female
210219,COMMERCE,1.5908,43 (NEW),2862,2020,ECONOMICS,A,BUSINESS STUDIES,A,ACCOUNTING,A,074,B,new,15,April,2001,female
210760,ARTS,1.4652,344 (NEW),5715,2020,GEOGRAPHY,A,DANCING(INDIGENOUS),A,SINHALA,A,048,S,new,3,June,2000,female
211107,COMMERCE,1.4576,244 (NEW),4202,2020,ECONOMICS,A,BUSINESS STUDIES,A,ACCOUNTING,A,038,C,new,21,June,2001,female
211127,COMMERCE,1.5481,187 (NEW),3277,2020,ECONOMICS,A,BUSINESS STUDIES,A,ACCOUNTING,A,052,C,new,1,September,2001,female
211137,COMMERCE,1.5895,165 (NEW),2873,2020,ECONOMICS,A,BUSINESS STUDIES,A,ACCOUNTING,A,060,B,new,14,February,2001,female
211143,COMMERCE,1.5743,175 (NEW),3012,2020,ECONOMICS,A,BUSINESS STUDIES,A,ACCOUNTING,A,048,C,new,16,October,2001,female
211153,COMMERCE,1.6277,147 (NEW),2575,2020,ECONOMICS,A,BUSINESS STUDIES,A,ACCOUNTING,A,048,B,new,17,July,2001,female
211168,COMMERCE,1.6351,140 (NEW),2512,2020,ECONOMICS,A,BUSINESS STUDIES,A,ACCOUNTING,A,054,S,new,7,June,2001,female
211172,COMMERCE,1.4946,218 (NEW),3819,2020,ECONOMICS,A,BUSINESS STUDIES,A,ACCOUNTING,A,040,B,new,17,May,2001,female
211183,COMMERCE,1.5948,161 (NEW),2826,2020,ECONOMICS,A,BUSINESS STUDIES,A,ACCOUNTING,A,062,S,new,3,April,2001,female
211200,COMMERCE,1.4656,236 (NEW),4116,2020,ECONOMICS,A,BUSINESS STUDIES,A,ACCOUNTING,A,048,B,new,26,November,2001,female
211203,COMMERCE,1.5379,192 (NEW),3369,2020,ECONOMICS,A,BUSINESS STUDIES,A,ACCOUNTING,A,050,C,new,1,April,2001,female
211229,ARTS,1.407,420 (NEW),6794,2020,GEOGRAPHY,A,ORIENTAL MUSIC,A,SINHALA,A,046,S,new,21,August,2001,female
211238,ARTS,1.5701,243 (NEW),4020,2020,ECONOMICS,A,GEOGRAPHY,A,ORIENTAL MUSIC,A,042,S,new,18,March,2001,female
211239,ARTS,1.649,175 (NEW),3055,2020,POLITICAL SCIENCE,A,ORIENTAL MUSIC,A,SINHALA,A,048,S,new,12,October,2001,female
211266,ARTS,1.6079,215 (NEW),3555,2020,POLITICAL SCIENCE,A,HISTORY OF SRI LANKA & INDIA,A,ORIENTAL MUSIC,A,062,S,new,18,April,2001,female
211286,ARTS,1.6551,172 (NEW),2992,2020,ECONOMICS,A,GEOGRAPHY,A,LOGIC & SCIENTIFIC METHOD,A,058,B,new,29,March,2001,female
211371,ARTS,1.6358,187 (NEW),3212,2020,ECONOMICS,A,LOGIC & SCIENTIFIC METHOD,A,SINHALA,A,060,B,new,25,February,2001,female
211377,COMMERCE,1.515,205 (NEW),3589,2020,ECONOMICS,A,BUSINESS STUDIES,A,ACCOUNTING,A,056,C,new,25,July,2001,female
211608,COMMERCE,1.6278,146 (NEW),2571,2020,ECONOMICS,A,BUSINESS STUDIES,A,ACCOUNTING,A,052,A,new,27,July,2001,female
211769,COMMERCE,1.5672,178 (NEW),3081,2020,ECONOMICS,A,BUSINESS STUDIES,A,ACCOUNTING,A,042,S,new,1,June,2001,female
211901,COMMERCE,1.5458,188 (NEW),3295,2020,ECONOMICS,A,BUSINESS STUDIES,A,ACCOUNTING,A,062,C,new,20,November,2001,male
212078,COMMERCE,1.4092,274 (NEW),4777,2020,ECONOMICS,A,BUSINESS STUDIES,A,ACCOUNTING,A,056,C,new,3,August,2001,male
212086,COMMERCE,1.5781,173 (NEW),2975,2020,ECONOMICS,A,BUSINESS STUDIES,A,ACCOUNTING,A,068,B,new,22,July,2001,male
212959,COMMERCE,1.4599,239 (NEW),4178,2020,ECONOMICS,A,BUSINESS STUDIES,A,ACCOUNTING,A,Absent,C,new,2,January,2001,male
213196,COMMERCE,1.5993,159 (NEW),2789,2020,ECONOMICS,A,BUSINESS STUDIES,A,ACCOUNTING,A,048,C,new,Invalid nic error,Invalid nic error,Invalid nic error,
213262,ARTS,1.519,297 (NEW),4790,2020,GEOGRAPHY,A,ORIENTAL MUSIC,A,SINHALA,A,036,F,new,24,February,2001,female
213366,COMMERCE,1.5826,171 (NEW),2933,2020,ECONOMICS,A,BUSINESS STUDIES,A,ACCOUNTING,A,052,S,new,19,November,2001,female
213395,ARTS,1.3537,475 (NEW),7906,2020,ECONOMICS,A,ORIENTAL MUSIC,A,SINHALA,A,052,F,new,5,September,2001,female
214009,COMMERCE,1.6282,145 (NEW),2567,2020,ECONOMICS,A,BUSINESS STUDIES,A,ACCOUNTING,A,072,F,new,16,April,2001,female
214082,COMMERCE,1.5627,180 (NEW),3124,2020,ECONOMICS,A,BUSINESS STUDIES,A,ACCOUNTING,A,052,S,new,19,June,2001,female
214099,COMMERCE,1.4428,253 (NEW),4381,2020,ECONOMICS,A,BUSINESS STUDIES,A,ACCOUNTING,A,066,S,new,21,November,2001,female
214110,COMMERCE,1.5094,210 (NEW),3647,2020,ECONOMICS,A,BUSINESS STUDIES,A,ACCOUNTING,A,050,S,new,7,September,2001,female
214113,COMMERCE,1.4392,258 (NEW),4432,2020,ECONOMICS,A,BUSINESS STUDIES,A,ACCOUNTING,A,050,S,new,10,May,2001,female
214130,COMMERCE,1.3773,302 (NEW),5165,2020,ECONOMICS,A,BUSINESS STUDIES,A,ACCOUNTING,A,Absent,S,new,24,December,2000,female
214131,COMMERCE,1.4313,265 (NEW),4518,2020,ECONOMICS,A,BUSINESS STUDIES,A,ACCOUNTING,A,048,C,new,27,November,2000,female
214158,ARTS,1.6472,178 (NEW),3088,2020,GEOGRAPHY,A,DANCING(INDIGENOUS),A,SINHALA,A,048,F,new,28,January,2002,female
214741,COMMERCE,1.5026,215 (NEW),3732,2020,ECONOMICS,A,BUSINESS STUDIES,A,ACCOUNTING,A,036,F,new,26,September,2001,female
214744,COMMERCE,1.4354,259 (NEW),4475,2020,ECONOMICS,A,BUSINESS STUDIES,A,ACCOUNTING,A,052,B,new,7,April,2001,female
214758,COMMERCE,1.6295,144 (NEW),2565,2020,ECONOMICS,A,BUSINESS STUDIES,A,ACCOUNTING,A,050,B,new,29,July,2001,female
214764,COMMERCE,1.5396,190 (NEW),3352,2020,ECONOMICS,A,BUSINESS STUDIES,A,ACCOUNTING,A,026,A,new,31,January,2002,female
214799,COMMERCE,1.5111,209 (NEW),3635,2020,ECONOMICS,A,BUSINESS STUDIES,A,ACCOUNTING,A,064,B,new,15,October,2001,female
214809,COMMERCE,1.5582,184 (NEW),3175,2020,ECONOMICS,A,BUSINESS STUDIES,A,ACCOUNTING,A,044,C,new,20,July,2001,female
214821,COMMERCE,1.4739,229 (NEW),4017,2020,ECONOMICS,A,BUSINESS STUDIES,A,ACCOUNTING,A,048,C,new,26,December,2001,female
214828,COMMERCE,1.5629,179 (NEW),3121,2020,ECONOMICS,A,BUSINESS STUDIES,A,ACCOUNTING,A,072,B,new,28,November,2001,female
214838,COMMERCE,1.5692,177 (NEW),3062,2020,ECONOMICS,A,BUSINESS STUDIES,A,ACCOUNTING,A,058,C,new,30,June,2001,female
215036,ARTS,1.6131,212 (NEW),3492,2020,GEOGRAPHY,A,POLITICAL SCIENCE,A,HISTORY OF SRI LANKA & EUROPE,A,066,B,new,2,March,2001,female
215122,ARTS,1.6274,197 (NEW),3315,2020,GEOGRAPHY,A,HISTORY OF SRI LANKA & EUROPE,A,TAMIL,A,058,S,new,16,February,2001,female
215354,ARTS,1.5614,254 (NEW),4152,2020,ECONOMICS,A,GEOGRAPHY,A,SINHALA,A,054,B,new,22,December,2000,female
215366,COMMERCE,1.5184,204 (NEW),3555,2020,ECONOMICS,A,BUSINESS STUDIES,A,ACCOUNTING,A,Absent,C,new,27,July,2000,female
215554,COMMERCE,1.3579,318 (NEW),5401,2020,ECONOMICS,A,BUSINESS STUDIES,A,ACCOUNTING,A,052,S,new,3,April,2001,female
215585,COMMERCE,1.6153,154 (NEW),2670,2020,ECONOMICS,A,BUSINESS STUDIES,A,ACCOUNTING,A,044,C,new,1,November,2001,female
215586,ARTS,1.5343,278 (NEW),4555,2020,GEOGRAPHY,A,HISTORY OF SRI LANKA & INDIA,A,SINHALA,A,046,F,new,2,June,2001,female
215607,COMMERCE,1.4353,260 (NEW),4477,2020,ECONOMICS,A,BUSINESS STUDIES,A,ACCOUNTING,A,042,B,new,19,October,2001,female
215898,COMMERCE,1.6329,142 (NEW),2534,2020,ECONOMICS,A,BUSINESS STUDIES,A,ACCOUNTING,A,052,C,new,25,May,2001,female
216294,COMMERCE,1.5816,172 (NEW),2942,2020,ECONOMICS,A,BUSINESS STUDIES,A,ACCOUNTING,A,058,A,new,14,May,2001,male
217299,ARTS,1.2379,623 (NEW),10579,2020,GEOGRAPHY,A,ORIENTAL MUSIC,A,SINHALA,A,050,S,new,2,January,2002,female
217322,COMMERCE,1.5293,198 (NEW),3448,2020,ECONOMICS,A,BUSINESS STUDIES,A,ACCOUNTING,A,060,S,new,4,September,2001,female
217324,ARTS,1.4097,416 (NEW),6750,2020,GEOGRAPHY,A,ORIENTAL MUSIC,A,SINHALA,A,034,S,new,17,December,2001,female
217336,ARTS,1.5782,238 (NEW),3929,2020,COMMUNICATION & MEDIA STUDIES,A,ORIENTAL MUSIC,A,SINHALA,A,036,C,new,18,September,2001,female
217420,ARTS,1.5742,241 (NEW),3974,2020,POLITICAL SCIENCE,A,BUDDHIST CIVILIZATION,A,SINHALA,A,034,S,new,2,April,2001,female
217569,ARTS,1.6718,159 (NEW),2809,2020,GEOGRAPHY,A,POLITICAL SCIENCE,A,SINHALA,A,048,C,new,17,March,2001,female
217668,COMMERCE,1.5122,208 (NEW),3621,2020,ECONOMICS,A,BUSINESS STUDIES,A,ACCOUNTING,A,054,S,new,13,December,2000,female
217677,ARTS,1.359,472 (NEW),7789,2020,GEOGRAPHY,A,ORIENTAL MUSIC,A,SINHALA,A,060,S,new,25,January,2001,female
217768,ARTS,1.5947,224 (NEW),3732,2020,ECONOMICS,A,HISTORY OF SRI LANKA & INDIA,A,SINHALA,A,066,S,new,19,June,2000,female
217911,COMMERCE,1.6027,157 (NEW),2763,2020,ECONOMICS,A,BUSINESS STUDIES,A,ACCOUNTING,A,030,F,new,10,July,2001,female
218200,ARTS,1.6579,169 (NEW),2957,2020,GEOGRAPHY,A,ISLAM,A,TAMIL,A,048,B,new,27,September,2001,female
218559,ARTS,1.641,184 (NEW),3155,2020,POLITICAL SCIENCE,A,HISTORY OF SRI LANKA & EUROPE,A,ISLAMIC CIVILIZATION,A,044,S,new,17,August,2001,female
218564,ARTS,1.4733,339 (NEW),5581,2020,POLITICAL SCIENCE,A,HISTORY OF SRI LANKA & EUROPE,A,ISLAMIC CIVILIZATION,A,040,F,new,11,January,2002,female
218578,ARTS,1.5618,253 (NEW),4147,2020,POLITICAL SCIENCE,A,HISTORY OF SRI LANKA & EUROPE,A,ISLAMIC CIVILIZATION,A,048,C,new,16,March,2001,female
218579,ARTS,1.6794,151 (NEW),2713,2020,POLITICAL SCIENCE,A,HISTORY OF SRI LANKA & EUROPE,A,ISLAMIC CIVILIZATION,A,052,S,new,13,February,2001,female
218586,ARTS,1.5569,259 (NEW),4211,2020,POLITICAL SCIENCE,A,HISTORY OF SRI LANKA & EUROPE,A,ISLAMIC CIVILIZATION,A,044,C,new,19,October,2001,female
218637,COMMERCE,1.5829,170 (NEW),2931,2020,ECONOMICS,A,BUSINESS STUDIES,A,ACCOUNTING,A,042,F,new,4,December,2001,female
218709,COMMERCE,1.6002,158 (NEW),2786,2020,ECONOMICS,A,BUSINESS STUDIES,A,ACCOUNTING,A,046,C,new,17,March,2001,female
219053,ARTS,1.6382,186 (NEW),3185,2020,GEOGRAPHY,A,DANCING(INDIGENOUS),A,SINHALA,A,050,S,new,5,August,2000,female
219080,COMMERCE,1.635,141 (NEW),2513,2020,ECONOMICS,A,BUSINESS STUDIES,A,ACCOUNTING,A,040,S,new,10,August,2000,female
219187,ARTS,1.5977,221 (NEW),3690,2020,GEOGRAPHY,A,ISLAMIC CIVILIZATION,A,TAMIL,A,034,S,new,8,February,2001,female
219200,ARTS,1.6774,154 (NEW),2738,2020,GEOGRAPHY,A,ISLAMIC CIVILIZATION,A,TAMIL,A,058,C,new,22,June,2001,female
219207,ARTS,1.6735,158 (NEW),2796,2020,POLITICAL SCIENCE,A,ISLAMIC CIVILIZATION,A,TAMIL,A,042,S,new,12,December,2001,female
219315,ARTS,1.6851,145 (NEW),2634,2020,GEOGRAPHY,A,POLITICAL SCIENCE,A,TAMIL,A,044,C,new,22,February,2001,female
219557,ARTS,1.5864,231 (NEW),3822,2020,ISLAMIC CIVILIZATION,A,TAMIL,A,ARABIC,A,050,C,new,14,October,2001,female
219653,COMMERCE,1.4467,250 (NEW),4332,2020,ECONOMICS,A,BUSINESS STUDIES,A,ACCOUNTING,A,064,F,new,30,December,2001,male
220466,COMMERCE,1.5488,186 (NEW),3272,2020,ECONOMICS,A,BUSINESS STUDIES,A,ACCOUNTING,A,066,C,new,22,June,2001,male
221645,ARTS,1.6836,148 (NEW),2653,2020,ECONOMICS,A,GEOGRAPHY,A,POLITICAL SCIENCE,A,050,S,new,4,November,2001,male
221849,ARTS,1.4106,415 (NEW),6733,2020,ECONOMICS,A,GEOGRAPHY,A,GREEK & ROMAN CIVILIZATION,A,058,B,new,9,September,2001,female
222189,COMMERCE,1.5843,167 (NEW),2917,2020,ECONOMICS,A,BUSINESS STUDIES,A,ACCOUNTING,A,058,C,new,10,January,2002,female
222236,ARTS,1.4999,314 (NEW),5098,2020,HISTORY OF SRI LANKA & INDIA,A,DANCING(INDIGENOUS),A,SINHALA,A,026,C,new,25,May,2001,female
222238,ARTS,1.5293,282 (NEW),4631,2020,HISTORY OF SRI LANKA & INDIA,A,BUDDHIST CIVILIZATION,A,SINHALA,A,052,S,new,9,November,2001,female
222267,ARTS,1.5807,235 (NEW),3895,2020,GEOGRAPHY,A,ORIENTAL MUSIC,A,SINHALA,A,044,S,new,14,November,2001,female
222269,ARTS,1.6877,143 (NEW),2604,2020,GEOGRAPHY,A,HISTORY OF SRI LANKA & INDIA,A,SINHALA,A,050,C,new,2,November,2001,female
222624,ARTS,1.4282,391 (NEW),6401,2020,HOME ECONOMICS,A,ISLAM,A,ARABIC,A,028,F,new,20,June,2000,female
222913,ARTS,1.6209,203 (NEW),3395,2020,GEOGRAPHY,A,DANCING(INDIGENOUS),A,SINHALA,A,056,C,new,14,July,2001,female
223129,ARTS,1.6793,152 (NEW),2714,2020,ECONOMICS,A,GEOGRAPHY,A,SINHALA,A,042,S,new,4,April,2000,female
223226,COMMERCE,1.5884,166 (NEW),2882,2020,ECONOMICS,A,BUSINESS STUDIES,A,ACCOUNTING,A,052,S,new,4,December,2001,female
223256,COMMERCE,1.3893,294 (NEW),5023,2020,ECONOMICS,A,BUSINESS STUDIES,A,ACCOUNTING,A,Absent,S,new,17,February,2000,female
223392,COMMERCE,1.3591,316 (NEW),5387,2020,ECONOMICS,A,BUSINESS STUDIES,A,ACCOUNTING,A,050,C,new,3,December,2001,male
224018,ARTS,1.5697,244 (NEW),4025,2020,GEOGRAPHY,A,POLITICAL SCIENCE,A,ISLAM,A,046,A,new,17,August,2001,female
224204,ARTS,1.6938,140 (NEW),2536,2020,POLITICAL SCIENCE,A,BUDDHIST CIVILIZATION,A,SINHALA,A,038,F,new,25,September,2000,female
224322,COMMERCE,1.4069,277 (NEW),4809,2020,ECONOMICS,A,BUSINESS STUDIES,A,ACCOUNTING,A,048,S,new,28,March,2001,female
224487,ARTS,1.6392,185 (NEW),3174,2020,BUDDHISM,A,SINHALA,A,PALI,A,056,F,new,2,December,2000,male
224506,COMMERCE,1.5981,160 (NEW),2800,2020,ECONOMICS,A,BUSINESS STUDIES,A,ACCOUNTING,A,056,F,new,7,May,2000,female
224736,ARTS,1.5444,266 (NEW),4366,2020,HISTORY OF SRI LANKA & EUROPE,A,HOME ECONOMICS,A,ISLAM,A,058,C,new,26,May,2001,female
225085,ARTS,1.5973,222 (NEW),3694,2020,GEOGRAPHY,A,HOME ECONOMICS,A,ISLAMIC CIVILIZATION,A,042,F,new,8,December,2001,female
225129,ARTS,1.6331,193 (NEW),3255,2020,GEOGRAPHY,A,ISLAM,A,TAMIL,A,Absent,A,new,6,April,2000,female
225491,COMMERCE,1.6267,148 (NEW),2585,2020,ECONOMICS,A,BUSINESS STUDIES,A,ACCOUNTING,A,Absent,S,new,8,December,2000,male
225533,COMMERCE,1.6248,149 (NEW),2605,2020,ECONOMICS,A,BUSINESS STUDIES,A,ACCOUNTING,A,052,S,new,29,June,2001,male
226300,COMMERCE,1.5327,196 (NEW),3416,2020,ECONOMICS,A,BUSINESS STUDIES,A,ACCOUNTING,A,050,S,new,19,February,2001,female
226374,ARTS,1.5416,269 (NEW),4410,2020,GEOGRAPHY,A,HISTORY OF SRI LANKA & INDIA,A,SINHALA,A,046,S,new,14,July,2001,female
226535,COMMERCE,1.375,303 (NEW),5189,2020,ECONOMICS,A,BUSINESS STUDIES,A,ACCOUNTING,A,044,S,new,14,December,2001,female
227292,ARTS,1.4597,350 (NEW),5833,2020,GEOGRAPHY,A,POLITICAL SCIENCE,A,SINHALA,A,056,S,new,5,August,2001,female
227325,ARTS,1.6462,179 (NEW),3098,2020,HISTORY OF SRI LANKA & INDIA,A,BUDDHIST CIVILIZATION,A,SINHALA,A,030,F,new,9,July,2001,female
227803,COMMERCE,1.4422,255 (NEW),4389,2020,ECONOMICS,A,BUSINESS STUDIES,A,ACCOUNTING,A,044,C,new,19,April,2001,female
228399,COMMERCE,1.4069,277 (NEW),4809,2020,ECONOMICS,A,BUSINESS STUDIES,A,ACCOUNTING,A,038,S,new,10,May,2001,female
228486,COMMERCE,1.5321,197 (NEW),3419,2020,ECONOMICS,A,BUSINESS STUDIES,A,ACCOUNTING,A,062,S,new,14,February,2000,female
230514,ARTS,1.6752,157 (NEW),2773,2020,GEOGRAPHY,A,ISLAM,A,TAMIL,A,040,C,new,15,December,2001,female
230657,COMMERCE,1.4963,217 (NEW),3805,2020,ECONOMICS,A,BUSINESS STUDIES,A,ACCOUNTING,A,048,A,new,30,January,2001,male
230780,COMMERCE,1.4918,221 (NEW),3844,2020,ECONOMICS,A,BUSINESS STUDIES,A,ACCOUNTING,A,050,A,new,27,July,2000,female
230852,COMMERCE,1.5206,201 (NEW),3534,2020,ECONOMICS,A,BUSINESS STUDIES,A,ACCOUNTING,A,044,A,new,19,June,2001,female
231216,COMMERCE,1.3927,291 (NEW),4996,2020,ECONOMICS,A,BUSINESS STUDIES,A,ACCOUNTING,A,036,S,new,25,June,2001,male
232015,ARTS,1.6589,167 (NEW),2946,2020,GEOGRAPHY,A,POLITICAL SCIENCE,A,SINHALA,A,038,C,new,27,May,2001,female
232044,ARTS,1.5211,295 (NEW),4759,2020,GEOGRAPHY,A,POLITICAL SCIENCE,A,SINHALA,A,046,C,new,24,September,2001,female
232411,ARTS,1.5583,256 (NEW),4196,2020,ECONOMICS,A,BUDDHIST CIVILIZATION,A,SINHALA,A,052,S,new,20,October,2001,female
232559,ARTS,1.6789,153 (NEW),2719,2020,GEOGRAPHY,A,DANCING(INDIGENOUS),A,SINHALA,A,054,F,new,29,August,2001,male
232620,ARTS,1.5427,268 (NEW),4394,2020,GEOGRAPHY,A,DANCING(INDIGENOUS),A,SINHALA,A,048,S,new,5,July,2001,female
232657,ARTS,1.6041,219 (NEW),3600,2020,ECONOMICS,A,POLITICAL SCIENCE,A,SINHALA,A,040,F,new,23,April,2001,female
232906,ARTS,1.5453,264 (NEW),4356,2020,GEOGRAPHY,A,POLITICAL SCIENCE,A,SINHALA,A,040,S,new,18,December,2001,female
232959,COMMERCE,1.3778,301 (NEW),5159,2020,ECONOMICS,A,BUSINESS STUDIES,A,ACCOUNTING,A,062,C,new,14,December,2001,male
233610,ARTS,1.616,207 (NEW),3460,2020,GEOGRAPHY,A,POLITICAL SCIENCE,A,SINHALA,A,042,F,new,26,November,2001,female
233664,ARTS,1.6853,144 (NEW),2631,2020,POLITICAL SCIENCE,A,BUDDHIST CIVILIZATION,A,SINHALA,A,054,S,new,21,August,2000,female
233693,ARTS,1.5005,312 (NEW),5088,2020,POLITICAL SCIENCE,A,HISTORY OF SRI LANKA & INDIA,A,SINHALA,A,040,F,new,20,May,2000,female
233809,ARTS,1.4281,392 (NEW),6404,2020,BUDDHIST CIVILIZATION,A,SINHALA,A,PALI,A,036,S,new,17,May,2001,male
233845,ARTS,1.689,142 (NEW),2587,2020,POLITICAL SCIENCE,A,HISTORY OF SRI LANKA & INDIA,A,SINHALA,A,Absent,F,new,2,July,2000,female
233901,ARTS,1.4288,390 (NEW),6392,2020,ECONOMICS,A,HISTORY OF SRI LANKA & INDIA,A,SINHALA,A,044,F,new,6,August,2001,female
234120,COMMERCE,1.5788,56 (NEW),2965,2020,ECONOMICS,A,BUSINESS STUDIES,A,ACCOUNTING,A,066,A,new,21,January,2002,male
234441,COMMERCE,1.5869,54 (NEW),2892,2020,ECONOMICS,A,BUSINESS STUDIES,A,ACCOUNTING,A,050,C,new,4,September,2001,female
234483,COMMERCE,1.5396,63 (NEW),3352,2020,ECONOMICS,A,BUSINESS STUDIES,A,ACCOUNTING,A,068,B,new,4,September,2001,female
234516,COMMERCE,1.5019,71 (NEW),3740,2020,ECONOMICS,A,BUSINESS STUDIES,A,ACCOUNTING,A,052,C,new,19,April,2001,female
234517,COMMERCE,1.5993,51 (NEW),2789,2020,ECONOMICS,A,BUSINESS STUDIES,A,ACCOUNTING,A,052,B,new,8,March,2001,female
235652,COMMERCE,1.5599,61 (NEW),3156,2020,ECONOMICS,A,BUSINESS STUDIES,A,ACCOUNTING,A,054,C,new,12,February,2001,male
236025,COMMERCE,1.5378,65 (NEW),3371,2020,ECONOMICS,A,BUSINESS STUDIES,A,ACCOUNTING,A,048,F,new,4,October,2001,female
236469,COMMERCE,1.6329,44 (NEW),2534,2020,ECONOMICS,A,BUSINESS STUDIES,A,ACCOUNTING,A,056,B,new,2,January,2002,female
236565,ARTS,1.6847,35 (NEW),2636,2020,GEOGRAPHY,A,POLITICAL SCIENCE,A,SINHALA,A,036,F,new,28,November,2001,female
236933,COMMERCE,1.5584,62 (NEW),3172,2020,ECONOMICS,A,BUSINESS STUDIES,A,ACCOUNTING,A,046,Absent,new,23,April,2000,female
237284,COMMERCE,1.573,58 (NEW),3025,2020,ECONOMICS,A,BUSINESS STUDIES,A,ACCOUNTING,A,046,C,new,8,November,2001,female
237788,ARTS,1.6703,41 (NEW),2825,2020,ECONOMICS,A,POLITICAL SCIENCE,A,SINHALA,A,060,S,new,24,April,2001,female
237895,ARTS,1.5347,63 (NEW),4546,2020,HISTORY OF SRI LANKA & INDIA,A,BUDDHIST CIVILIZATION,A,SINHALA,A,050,C,new,8,February,2000,female
237971,COMMERCE,1.6124,50 (NEW),2689,2020,ECONOMICS,A,BUSINESS STUDIES,A,ACCOUNTING,A,050,C,new,12,June,2001,female
238029,COMMERCE,1.4724,79 (NEW),4030,2020,ECONOMICS,A,BUSINESS STUDIES,A,ACCOUNTING,A,050,S,new,21,April,2000,female
238422,ARTS,1.5066,67 (NEW),4990,2020,POLITICAL SCIENCE,A,HISTORY OF SRI LANKA & INDIA,A,SINHALA,A,026,F,new,8,September,2001,female
238890,COMMERCE,1.6323,45 (NEW),2539,2020,ECONOMICS,A,BUSINESS STUDIES,A,ACCOUNTING,A,050,S,new,9,March,2001,female
239994,ARTS,1.6188,47 (NEW),3431,2020,GEOGRAPHY,A,POLITICAL SCIENCE,A,TAMIL,A,036,F,new,9,March,2001,female
240243,COMMERCE,1.5377,66 (NEW),3372,2020,ECONOMICS,A,BUSINESS STUDIES,A,ACCOUNTING,A,048,S,new,11,January,2002,female
240719,COMMERCE,1.6147,49 (NEW),2675,2020,ECONOMICS,A,BUSINESS STUDIES,A,ACCOUNTING,A,Absent,C,new,13,January,2001,female
240753,ARTS,1.6831,37 (NEW),2667,2020,GEOGRAPHY,A,POLITICAL SCIENCE,A,SINHALA,A,046,S,new,25,August,2001,female
241160,COMMERCE,1.469,80 (NEW),4075,2020,ECONOMICS,A,BUSINESS STUDIES,A,ACCOUNTING,A,058,F,new,30,May,2001,female
241772,ARTS,1.4032,108 (NEW),6860,2020,GEOGRAPHY,A,DANCING(INDIGENOUS),A,SINHALA,A,044,S,new,8,September,2001,female
241846,ARTS,1.6738,40 (NEW),2794,2020,GEOGRAPHY,A,POLITICAL SCIENCE,A,TAMIL,A,046,F,new,1,February,2001,male
242225,COMMERCE,1.5618,60 (NEW),3134,2020,ECONOMICS,A,BUSINESS STUDIES,A,ACCOUNTING,A,038,S,new,22,July,2001,female
243024,COMMERCE,1.5884,53 (NEW),2882,2020,ECONOMICS,A,BUSINESS STUDIES,A,ACCOUNTING,A,052,C,new,29,October,2001,male
243040,COMMERCE,1.576,57 (NEW),2994,2020,ECONOMICS,A,BUSINESS STUDIES,A,ACCOUNTING,A,056,F,new,20,October,2001,male
243056,COMMERCE,1.5941,52 (NEW),2838,2020,ECONOMICS,A,BUSINESS STUDIES,A,ACCOUNTING,A,058,B,new,4,May,2001,male
243062,COMMERCE,1.6224,47 (NEW),2625,2020,ECONOMICS,A,BUSINESS STUDIES,A,ACCOUNTING,A,046,B,new,27,February,2001,female
243128,ARTS,1.3115,160 (NEW),8880,2020,POLITICAL SCIENCE,A,ORIENTAL MUSIC,A,DRAMA AND THEATRE (SINHALA),A,046,F,new,16,May,2001,female
243520,ARTS,1.508,211 (NEW),4970,2020,GEOGRAPHY,A,POLITICAL SCIENCE,A,DANCING(INDIGENOUS),A,040,S,new,20,December,2001,female
243608,COMMERCE,1.5657,77 (NEW),3088,2020,ECONOMICS,A,BUSINESS STUDIES,A,ACCOUNTING,A,Absent,S,new,20,March,2000,female
243994,COMMERCE,1.5092,99 (NEW),3651,2020,ECONOMICS,A,BUSINESS STUDIES,A,ACCOUNTING,A,044,A,new,27,June,2001,female
244014,COMMERCE,1.6021,65 (NEW),2764,2020,ECONOMICS,A,BUSINESS STUDIES,A,ACCOUNTING,A,052,S,new,18,October,2001,male
244088,COMMERCE,1.4713,114 (NEW),4042,2020,ECONOMICS,A,BUSINESS STUDIES,A,ACCOUNTING,A,060,B,new,11,August,2001,female
244152,COMMERCE,1.5702,76 (NEW),3058,2020,ECONOMICS,A,BUSINESS STUDIES,A,ACCOUNTING,A,048,C,new,16,February,2001,female
244194,COMMERCE,1.5965,67 (NEW),2810,2020,ECONOMICS,A,BUSINESS STUDIES,A,ACCOUNTING,A,048,A,new,15,June,2001,female
244212,COMMERCE,1.6048,64 (NEW),2752,2020,ECONOMICS,A,BUSINESS STUDIES,A,ACCOUNTING,A,044,A,new,1,September,2001,female
244213,COMMERCE,1.5263,94 (NEW),3475,2020,ECONOMICS,A,BUSINESS STUDIES,A,ACCOUNTING,A,058,A,new,22,October,2001,female
244251,COMMERCE,1.4889,108 (NEW),3877,2020,ECONOMICS,A,BUSINESS STUDIES,A,ACCOUNTING,A,046,A,new,28,March,2001,female
244290,COMMERCE,1.5009,103 (NEW),3754,2020,ECONOMICS,A,BUSINESS STUDIES,A,ACCOUNTING,A,044,B,new,20,December,2001,female
244292,COMMERCE,1.5246,95 (NEW),3500,2020,ECONOMICS,A,BUSINESS STUDIES,A,ACCOUNTING,A,050,S,new,23,January,2002,female
244970,COMMERCE,1.577,75 (NEW),2985,2020,ECONOMICS,A,BUSINESS STUDIES,A,ACCOUNTING,A,044,F,new,8,April,2001,female
244995,COMMERCE,1.5366,89 (NEW),3387,2020,ECONOMICS,A,BUSINESS STUDIES,A,ACCOUNTING,A,060,F,new,3,February,2001,male
245523,COMMERCE,1.3739,155 (NEW),5204,2020,ECONOMICS,A,BUSINESS STUDIES,A,ACCOUNTING,A,052,S,new,23,March,2001,male
245631,ARTS,1.483,232 (NEW),5398,2020,POLITICAL SCIENCE,A,HINDU CIVILIZATION,A,TAMIL,A,050,S,new,29,January,2001,male
245857,COMMERCE,1.5948,68 (NEW),2826,2020,ECONOMICS,A,BUSINESS STUDIES,A,ACCOUNTING,A,060,B,new,2,June,2001,male
247131,COMMERCE,1.4565,121 (NEW),4208,2020,ECONOMICS,A,BUSINESS STUDIES,A,ACCOUNTING,A,058,A,new,2,June,2001,female
247755,ARTS,1.6494,135 (NEW),3054,2020,GEOGRAPHY,A,POLITICAL SCIENCE,A,SINHALA,A,064,C,new,14,April,2001,female
247979,ARTS,1.5646,174 (NEW),4101,2020,POLITICAL SCIENCE,A,BUDDHIST CIVILIZATION,A,SINHALA,A,052,F,new,26,October,2000,male
248065,ARTS,1.5952,160 (NEW),3725,2020,POLITICAL SCIENCE,A,BUDDHIST CIVILIZATION,A,SINHALA,A,042,S,new,6,January,2002,female
248075,ARTS,1.404,296 (NEW),6841,2020,POLITICAL SCIENCE,A,BUDDHIST CIVILIZATION,A,SINHALA,A,028,F,new,25,February,2001,female
248239,ARTS,1.6668,124 (NEW),2864,2020,POLITICAL SCIENCE,A,BUDDHIST CIVILIZATION,A,SINHALA,A,046,S,new,2,July,2001,female
248493,COMMERCE,1.516,97 (NEW),3581,2020,ECONOMICS,A,BUSINESS STUDIES,A,ACCOUNTING,A,052,S,new,31,January,2002,female
248520,COMMERCE,1.5492,85 (NEW),3266,2020,ECONOMICS,A,BUSINESS STUDIES,A,ACCOUNTING,A,060,S,new,4,November,2001,female
248622,COMMERCE,1.3915,144 (NEW),5001,2020,ECONOMICS,A,BUSINESS STUDIES,A,ACCOUNTING,A,Absent,F,new,23,April,2000,male
249240,COMMERCE,1.4775,112 (NEW),3981,2020,ECONOMICS,A,BUSINESS STUDIES,A,ACCOUNTING,A,054,S,new,27,January,2002,female
249265,ARTS,1.6888,111 (NEW),2589,2020,GEOGRAPHY,A,POLITICAL SCIENCE,A,SINHALA,A,026,F,new,9,February,2001,female
249284,COMMERCE,1.3835,148 (NEW),5092,2020,ECONOMICS,A,BUSINESS STUDIES,A,ACCOUNTING,A,050,F,new,24,December,2001,male
249285,COMMERCE,1.4576,120 (NEW),4202,2020,ECONOMICS,A,BUSINESS STUDIES,A,ACCOUNTING,A,038,B,new,6,March,2001,female
249340,COMMERCE,1.4831,111 (NEW),3932,2020,ECONOMICS,A,BUSINESS STUDIES,A,ACCOUNTING,A,060,F,new,30,July,2000,male
249524,COMMERCE,1.5043,101 (NEW),3705,2020,ECONOMICS,A,BUSINESS STUDIES,A,ACCOUNTING,A,050,C,new,26,July,2001,female
249544,COMMERCE,1.5837,71 (NEW),2923,2020,ECONOMICS,A,BUSINESS STUDIES,A,ACCOUNTING,A,050,F,new,30,September,2000,female
249577,ARTS,1.632,142 (NEW),3272,2020,GEOGRAPHY,A,POLITICAL SCIENCE,A,ORIENTAL MUSIC,A,046,S,new,13,March,2000,female
249739,COMMERCE,1.5081,100 (NEW),3662,2020,ECONOMICS,A,BUSINESS STUDIES,A,ACCOUNTING,A,052,Absent,new,16,May,2000,male
250055,ARTS,1.4503,265 (NEW),5995,2020,GEOGRAPHY,A,ORIENTAL MUSIC,A,SINHALA,A,040,F,new,24,May,2001,female
250368,ARTS,1.6567,130 (NEW),2975,2020,GEOGRAPHY,A,LOGIC & SCIENTIFIC METHOD,A,SINHALA,A,036,C,new,4,June,2001,female
250910,COMMERCE,1.4034,141 (NEW),4848,2020,ECONOMICS,A,BUSINESS STUDIES,A,ACCOUNTING,A,060,S,new,2,December,2001,female
250913,COMMERCE,1.5481,88 (NEW),3277,2020,ECONOMICS,A,BUSINESS STUDIES,A,ACCOUNTING,A,040,S,new,8,September,2001,female
251046,COMMERCE,1.5282,92 (NEW),3453,2020,ECONOMICS,A,BUSINESS STUDIES,A,ACCOUNTING,A,052,C,new,26,November,2001,male
251108,ARTS,1.6334,141 (NEW),3248,2020,POLITICAL SCIENCE,A,HISTORY OF SRI LANKA & INDIA,A,SINHALA,A,042,F,new,8,April,2001,female
251496,COMMERCE,1.6014,66 (NEW),2770,2020,ECONOMICS,A,BUSINESS STUDIES,A,ACCOUNTING,A,Absent,S,new,29,August,2000,female
251606,COMMERCE,1.4178,131 (NEW),4679,2020,ECONOMICS,A,BUSINESS STUDIES,A,ACCOUNTING,A,Absent,S,new,21,March,2000,female
252009,ARTS,1.6913,109 (NEW),2561,2020,POLITICAL SCIENCE,A,HISTORY OF SRI LANKA & INDIA,A,BUDDHIST CIVILIZATION,A,042,F,new,11,January,2002,female
252074,ARTS,1.6147,148 (NEW),3476,2020,GEOGRAPHY,A,HISTORY OF SRI LANKA & INDIA,A,SINHALA,A,040,F,new,21,October,2001,female
253130,ARTS,1.5667,172 (NEW),4060,2020,GEOGRAPHY,A,HISTORY OF SRI LANKA & INDIA,A,SINHALA,A,054,C,new,31,July,2001,female
253325,ARTS,1.5286,194 (NEW),4645,2020,GEOGRAPHY,A,HISTORY OF SRI LANKA & INDIA,A,SINHALA,A,056,F,new,23,January,2002,male
253766,COMMERCE,1.549,86 (NEW),3270,2020,ECONOMICS,A,BUSINESS STUDIES,A,ACCOUNTING,A,050,F,new,31,December,2001,female
253817,ARTS,1.5674,165 (NEW),4052,2020,POLITICAL SCIENCE,A,BUDDHIST CIVILIZATION,A,SINHALA,A,042,F,new,17,August,2001,female
253819,ARTS,1.623,134 (NEW),3368,2020,GEOGRAPHY,A,POLITICAL SCIENCE,A,BUDDHIST CIVILIZATION,A,036,F,new,8,September,2001,male
254023,ARTS,1.6207,147 (NEW),3401,2020,ECONOMICS,A,GEOGRAPHY,A,SINHALA,A,046,S,new,6,November,2001,female
254973,COMMERCE,1.5848,70 (NEW),2912,2020,ECONOMICS,A,BUSINESS STUDIES,A,ACCOUNTING,A,050,F,new,7,April,2000,female
255265,ARTS,1.6568,129 (NEW),2972,2020,GEOGRAPHY,A,COMMUNICATION & MEDIA STUDIES,A,SINHALA,A,058,F,new,3,March,2001,female
255282,ARTS,1.5079,212 (NEW),4971,2020,POLITICAL SCIENCE,A,BUDDHIST CIVILIZATION,A,SINHALA,A,048,F,new,15,March,2001,male
255726,COMMERCE,1.6357,57 (NEW),2505,2020,ECONOMICS,A,BUSINESS STUDIES,A,ACCOUNTING,A,054,S,new,31,March,2000,female
255799,COMMERCE,1.6095,63 (NEW),2707,2020,ECONOMICS,A,BUSINESS STUDIES,A,ACCOUNTING,A,054,S,new,7,March,2000,male
255830,ARTS,1.5243,196 (NEW),4718,2020,ECONOMICS,A,GEOGRAPHY,A,SINHALA,A,052,F,new,30,December,2001,female
255873,ARTS,1.556,179 (NEW),4225,2020,ECONOMICS,A,GEOGRAPHY,A,SINHALA,A,054,S,new,23,November,2001,female
256053,ARTS,1.4926,222 (NEW),5241,2020,HISTORY OF SRI LANKA & INDIA,A,BUDDHIST CIVILIZATION,A,SINHALA,A,046,F,new,15,March,2000,female
256402,ARTS,1.5653,173 (NEW),4089,2020,HISTORY OF SRI LANKA & INDIA,A,BUDDHIST CIVILIZATION,A,SINHALA,A,032,S,new,29,January,2002,female
256480,ARTS,1.6847,115 (NEW),2636,2020,POLITICAL SCIENCE,A,BUDDHIST CIVILIZATION,A,SINHALA,A,044,F,new,21,December,2001,female
256528,ARTS,1.6695,121 (NEW),2837,2020,POLITICAL SCIENCE,A,COMMUNICATION & MEDIA STUDIES,A,ORIENTAL MUSIC,A,042,C,new,26,January,2002,female
256588,ARTS,1.6592,128 (NEW),2941,2020,GEOGRAPHY,A,BUDDHIST CIVILIZATION,A,SINHALA,A,032,F,new,30,December,2001,female
256642,ARTS,1.6864,114 (NEW),2622,2020,GEOGRAPHY,A,DANCING(INDIGENOUS),A,SINHALA,A,Absent,F,new,4,February,2000,female
256792,ARTS,1.6328,129 (NEW),3260,2020,POLITICAL SCIENCE,A,BUDDHIST CIVILIZATION,A,SINHALA,A,046,S,new,10,January,2002,female
256850,ARTS,1.695,93 (NEW),2521,2020,POLITICAL SCIENCE,A,BUDDHIST CIVILIZATION,A,SINHALA,A,050,F,new,12,September,2001,female
257095,COMMERCE,1.618,62 (NEW),2651,2020,ECONOMICS,A,BUSINESS STUDIES,A,ACCOUNTING,A,048,S,new,27,March,2000,male
257231,COMMERCE,1.4899,89 (NEW),3866,2020,ECONOMICS,A,BUSINESS STUDIES,A,ACCOUNTING,A,058,S,new,15,May,2001,female
257261,ARTS,1.6831,99 (NEW),2667,2020,GEOGRAPHY,A,POLITICAL SCIENCE,A,SINHALA,A,040,F,new,30,May,2001,female
257318,ARTS,1.6591,115 (NEW),2943,2020,HISTORY OF SRI LANKA & INDIA,A,COMMUNICATION & MEDIA STUDIES,A,SINHALA,A,040,S,new,22,March,2001,female
257343,ARTS,1.6871,96 (NEW),2610,2020,GEOGRAPHY,A,POLITICAL SCIENCE,A,SINHALA,A,044,B,new,4,September,2000,female
257364,COMMERCE,1.6356,55 (NEW),2509,2020,ECONOMICS,A,BUSINESS STUDIES,A,ACCOUNTING,A,046,S,new,21,August,2000,female
257430,COMMERCE,1.6008,59 (NEW),2779,2020,ECONOMICS,A,BUSINESS STUDIES,A,ACCOUNTING,A,036,F,new,23,November,2001,female
257679,ARTS,1.5778,159 (NEW),3932,2020,HISTORY OF SRI LANKA & INDIA,A,BUDDHIST CIVILIZATION,A,SINHALA,A,Absent,F,new,15,July,2000,female
258184,COMMERCE,1.4394,105 (NEW),4429,2020,ECONOMICS,A,BUSINESS STUDIES,A,ACCOUNTING,A,040,F,new,28,June,2001,female
258205,COMMERCE,1.6151,58 (NEW),2672,2020,ECONOMICS,A,BUSINESS STUDIES,A,ACCOUNTING,A,060,A,new,16,July,2001,female
258241,COMMERCE,1.4893,90 (NEW),3872,2020,ECONOMICS,A,BUSINESS STUDIES,A,ACCOUNTING,A,Absent,C,new,24,March,2000,female
258242,COMMERCE,1.5319,72 (NEW),3421,2020,ECONOMICS,A,BUSINESS STUDIES,A,ACCOUNTING,A,058,S,new,16,June,2001,female
258705,COMMERCE,1.5162,74 (NEW),3579,2020,ECONOMICS,A,BUSINESS STUDIES,A,ACCOUNTING,A,052,B,new,17,April,2000,female
258721,ARTS,1.6796,101 (NEW),2712,2020,POLITICAL SCIENCE,A,BUDDHIST CIVILIZATION,A,SINHALA,A,044,F,new,8,March,2000,female
259215,ARTS,1.5214,189 (NEW),4753,2020,POLITICAL SCIENCE,A,DANCING(INDIGENOUS),A,SINHALA,A,044,S,new,3,October,2001,female
259302,ARTS,1.5023,196 (NEW),5059,2020,GEOGRAPHY,A,BUDDHIST CIVILIZATION,A,SINHALA,A,036,F,new,6,May,2000,female
259408,COMMERCE,1.4991,83 (NEW),3773,2020,ECONOMICS,A,BUSINESS STUDIES,A,ACCOUNTING,A,058,C,new,27,March,2000,female
259432,COMMERCE,1.4963,85 (NEW),3805,2020,ECONOMICS,A,BUSINESS STUDIES,A,ACCOUNTING,A,056,A,new,16,July,2001,male
259434,COMMERCE,1.5576,68 (NEW),3181,2020,ECONOMICS,A,BUSINESS STUDIES,A,ACCOUNTING,A,046,S,new,2,April,2001,female
259569,COMMERCE,1.3557,128 (NEW),5441,2020,ECONOMICS,A,BUSINESS STUDIES,A,ACCOUNTING,A,038,Absent,new,21,May,1999,female
259630,COMMERCE,1.4773,95 (NEW),3986,2020,ECONOMICS,A,BUSINESS STUDIES,A,ACCOUNTING,A,064,S,new,10,October,2000,female
259959,COMMERCE,1.4871,92 (NEW),3895,2020,ECONOMICS,A,BUSINESS STUDIES,A,ACCOUNTING,A,042,F,new,25,June,2001,male
260001,COMMERCE,1.5492,70 (NEW),3266,2020,ECONOMICS,A,BUSINESS STUDIES,A,ACCOUNTING,A,042,Absent,new,9,February,2000,male
260185,ARTS,1.5361,176 (NEW),4514,2020,GEOGRAPHY,A,HISTORY OF SRI LANKA & INDIA,A,SINHALA,A,044,F,new,5,May,2001,female
260253,ARTS,1.608,140 (NEW),3553,2020,POLITICAL SCIENCE,A,BUDDHIST CIVILIZATION,A,SINHALA,A,048,F,new,26,March,2001,male
260377,COMMERCE,1.6233,57 (NEW),2619,2020,ECONOMICS,A,BUSINESS STUDIES,A,ACCOUNTING,A,062,S,new,24,April,2001,female
260430,ARTS,1.6699,106 (NEW),2832,2020,GEOGRAPHY,A,BUDDHIST CIVILIZATION,A,SINHALA,A,Absent,C,new,1,January,2001,female
260434,ARTS,1.4633,221 (NEW),5757,2020,GEOGRAPHY,A,BUDDHIST CIVILIZATION,A,SINHALA,A,030,F,new,12,July,2001,female
260490,ARTS,1.6696,107 (NEW),2835,2020,GEOGRAPHY,A,BUDDHIST CIVILIZATION,A,SINHALA,A,050,F,new,13,August,2000,male
260532,ARTS,1.5986,147 (NEW),3678,2020,POLITICAL SCIENCE,A,BUDDHIST CIVILIZATION,A,SINHALA,A,034,F,new,22,March,2000,female
260606,ARTS,1.5296,184 (NEW),4624,2020,ECONOMICS,A,POLITICAL SCIENCE,A,SINHALA,A,050,F,new,10,October,2000,female
260656,COMMERCE,1.4653,100 (NEW),4118,2020,ECONOMICS,A,BUSINESS STUDIES,A,ACCOUNTING,A,034,F,new,29,March,2001,male
260676,COMMERCE,1.326,135 (NEW),5815,2020,ECONOMICS,A,BUSINESS STUDIES,A,ACCOUNTING,A,062,S,new,19,November,2001,male
260792,ARTS,1.6489,121 (NEW),3057,2020,GEOGRAPHY,A,BUDDHIST CIVILIZATION,A,SINHALA,A,046,S,new,17,July,2001,female
260859,COMMERCE,1.4769,96 (NEW),3993,2020,ECONOMICS,A,BUSINESS STUDIES,A,ACCOUNTING,A,052,Absent,new,30,November,2001,female
260871,ARTS,1.6777,103 (NEW),2733,2020,POLITICAL SCIENCE,A,BUDDHIST CIVILIZATION,A,SINHALA,A,052,F,new,2,January,2002,female
261022,COMMERCE,1.5098,77 (NEW),3645,2020,ECONOMICS,A,BUSINESS STUDIES,A,ACCOUNTING,A,048,C,new,14,September,2000,male
261031,ARTS,1.6673,108 (NEW),2862,2020,POLITICAL SCIENCE,A,BUDDHIST CIVILIZATION,A,SINHALA,A,038,F,new,4,June,2000,female
261032,ARTS,1.538,173 (NEW),4480,2020,POLITICAL SCIENCE,A,BUDDHIST CIVILIZATION,A,SINHALA,A,046,F,new,4,June,2000,female
261071,COMMERCE,1.592,60 (NEW),2853,2020,ECONOMICS,A,BUSINESS STUDIES,A,ACCOUNTING,A,058,C,new,10,September,2000,male
261373,ARTS,1.6834,98 (NEW),2659,2020,GEOGRAPHY,A,BUDDHIST CIVILIZATION,A,SINHALA,A,040,S,new,14,January,2002,female
261389,COMMERCE,1.5064,78 (NEW),3676,2020,ECONOMICS,A,BUSINESS STUDIES,A,ACCOUNTING,A,058,C,new,14,August,2001,female
261426,COMMERCE,1.516,75 (NEW),3581,2020,ECONOMICS,A,BUSINESS STUDIES,A,ACCOUNTING,A,044,S,new,17,September,2001,female
261546,ARTS,1.6627,113 (NEW),2913,2020,GEOGRAPHY,A,BUDDHIST CIVILIZATION,A,SINHALA,A,032,F,new,25,December,2000,female
261880,ARTS,1.6829,100 (NEW),2669,2020,GEOGRAPHY,A,POLITICAL SCIENCE,A,SINHALA,A,040,F,new,17,June,2000,male
262068,COMMERCE,1.4983,84 (NEW),3783,2020,ECONOMICS,A,BUSINESS STUDIES,A,ACCOUNTING,A,060,S,new,13,December,2001,female
262298,ARTS,1.5345,179 (NEW),4550,2020,GEOGRAPHY,A,BUDDHIST CIVILIZATION,A,SINHALA,A,038,S,new,31,October,2000,female
262389,COMMERCE,1.5019,81 (NEW),3740,2020,ECONOMICS,A,BUSINESS STUDIES,A,ACCOUNTING,A,064,C,new,7,January,2001,male
262618,COMMERCE,1.5913,61 (NEW),2859,2020,ECONOMICS,A,BUSINESS STUDIES,A,ACCOUNTING,A,054,S,new,17,May,2001,female
262762,ARTS,1.673,105 (NEW),2799,2020,GEOGRAPHY,A,BUDDHIST CIVILIZATION,A,SINHALA,A,034,F,new,17,February,2000,female
262963,ARTS,1.5258,187 (NEW),4693,2020,POLITICAL SCIENCE,A,BUDDHIST CIVILIZATION,A,SINHALA,A,024,F,new,17,January,2001,female
262971,COMMERCE,1.3795,122 (NEW),5144,2020,ECONOMICS,A,BUSINESS STUDIES,A,ACCOUNTING,A,050,F,new,6,July,2001,female
262991,ARTS,1.5285,185 (NEW),4650,2020,GEOGRAPHY,A,POLITICAL SCIENCE,A,SINHALA,A,042,F,new,30,December,2000,female
263226,ARTS,1.6537,119 (NEW),3008,2020,GEOGRAPHY,A,BUDDHIST CIVILIZATION,A,DANCING(INDIGENOUS),A,052,F,new,20,May,2000,female
263279,ARTS,1.623,134 (NEW),3368,2020,ECONOMICS,A,POLITICAL SCIENCE,A,SINHALA,A,038,F,new,30,December,2000,female
263311,ARTS,1.5951,150 (NEW),3728,2020,POLITICAL SCIENCE,A,BUDDHIST CIVILIZATION,A,SINHALA,A,032,F,new,11,January,2001,female
263346,ARTS,1.6553,118 (NEW),2987,2020,POLITICAL SCIENCE,A,HISTORY OF SRI LANKA & INDIA,A,BUDDHIST CIVILIZATION,A,038,F,new,25,October,2001,female
263349,COMMERCE,1.5646,66 (NEW),3104,2020,ECONOMICS,A,BUSINESS STUDIES,A,ACCOUNTING,A,Absent,Absent,new,20,October,2000,female
263426,ARTS,1.5008,197 (NEW),5082,2020,HISTORY OF SRI LANKA & INDIA,A,ORIENTAL MUSIC,A,SINHALA,A,042,F,new,19,October,2001,female
263535,COMMERCE,1.4893,90 (NEW),3872,2020,ECONOMICS,A,BUSINESS STUDIES,A,ACCOUNTING,A,052,Absent,new,19,June,2000,female
263568,COMMERCE,1.5849,64 (NEW),2911,2020,ECONOMICS,A,BUSINESS STUDIES,A,ACCOUNTING,A,058,F,new,23,October,2001,female
263893,ARTS,1.663,63 (NEW),2901,2020,HISTORY OF SRI LANKA & EUROPE,A,ORIENTAL MUSIC,A,SINHALA,A,050,S,new,2,July,2001,female
264039,COMMERCE,1.6066,27 (NEW),2736,2020,ECONOMICS,A,BUSINESS STUDIES,A,ACCOUNTING,A,054,C,new,6,January,2002,female
264110,COMMERCE,1.5953,29 (NEW),2820,2020,ECONOMICS,A,BUSINESS STUDIES,A,ACCOUNTING,A,062,A,new,15,September,2001,female
264377,COMMERCE,1.5013,44 (NEW),3748,2020,ECONOMICS,A,BUSINESS STUDIES,A,ACCOUNTING,A,Absent,Absent,new,26,February,2000,female
264679,ARTS,1.6921,51 (NEW),2549,2020,POLITICAL SCIENCE,A,HISTORY OF SRI LANKA & EUROPE,A,SINHALA,A,044,S,new,15,November,2001,female
264859,COMMERCE,1.6256,23 (NEW),2599,2020,ECONOMICS,A,BUSINESS STUDIES,A,ACCOUNTING,A,048,C,new,2,August,2001,female
265397,ARTS,1.4966,130 (NEW),5172,2020,HISTORY OF SRI LANKA & INDIA,A,BUDDHIST CIVILIZATION,A,SINHALA,A,026,F,new,30,November,2001,female
266051,ARTS,1.3958,186 (NEW),7005,2020,GEOGRAPHY,A,BUDDHIST CIVILIZATION,A,SINHALA,A,050,F,new,16,May,2001,male
266301,ARTS,1.6661,62 (NEW),2870,2020,GEOGRAPHY,A,BUDDHIST CIVILIZATION,A,SINHALA,A,042,F,new,1,June,2001,female
266406,ARTS,1.609,81 (NEW),3538,2020,POLITICAL SCIENCE,A,BUDDHIST CIVILIZATION,A,SINHALA,A,028,F,new,5,February,2001,female
266435,ARTS,1.5979,87 (NEW),3687,2020,COMMUNICATION & MEDIA STUDIES,A,BUDDHIST CIVILIZATION,A,SINHALA,A,050,S,new,13,August,2001,female
266506,ARTS,1.672,60 (NEW),2806,2020,POLITICAL SCIENCE,A,BUDDHIST CIVILIZATION,A,SINHALA,A,038,F,new,23,May,2001,female
266650,COMMERCE,1.5251,38 (NEW),3491,2020,ECONOMICS,A,BUSINESS STUDIES,A,ACCOUNTING,A,060,F,new,16,January,2002,male
266756,ARTS,1.6568,64 (NEW),2972,2020,COMMUNICATION & MEDIA STUDIES,A,BUDDHIST CIVILIZATION,A,SINHALA,A,034,F,new,15,January,2002,female
267241,ARTS,1.6108,79 (NEW),3522,2020,POLITICAL SCIENCE,A,BUDDHIST CIVILIZATION,A,SINHALA,A,040,S,new,19,July,2001,female
267620,COMMERCE,1.5601,34 (NEW),3152,2020,ECONOMICS,A,BUSINESS STUDIES,A,ACCOUNTING,A,064,S,new,11,November,2001,female
267851,ARTS,1.4781,144 (NEW),5491,2020,POLITICAL SCIENCE,A,ORIENTAL MUSIC,A,SINHALA,A,040,S,new,4,March,2001,female
268869,ARTS,1.5985,86 (NEW),3681,2020,GEOGRAPHY,A,POLITICAL SCIENCE,A,ISLAM,A,036,S,new,18,August,2001,female
269170,ARTS,1.5423,103 (NEW),4403,2020,POLITICAL SCIENCE,A,ISLAMIC CIVILIZATION,A,ARABIC,A,048,C,new,25,September,2000,female
269607,ARTS,1.6515,65 (NEW),3032,2020,POLITICAL SCIENCE,A,HISTORY OF SRI LANKA & EUROPE,A,HINDU CIVILIZATION,A,044,S,new,26,January,2002,female
269867,ARTS,1.676,56 (NEW),2757,2020,HOME ECONOMICS,A,CARNATIC MUSIC,A,TAMIL,A,046,F,new,17,April,2001,female
270592,COMMERCE,1.4786,49 (NEW),3974,2020,ECONOMICS,A,BUSINESS STUDIES,A,ACCOUNTING,A,054,S,new,27,April,2001,female
270593,COMMERCE,1.5086,42 (NEW),3656,2020,ECONOMICS,A,BUSINESS STUDIES,A,ACCOUNTING,A,050,S,new,4,April,2001,female
270771,ARTS,1.5275,115 (NEW),4659,2020,POLITICAL SCIENCE,A,ISLAM,A,ARABIC,A,048,F,new,2,March,2000,male
271014,COMMERCE,1.5687,32 (NEW),3068,2020,ECONOMICS,A,BUSINESS STUDIES,A,ACCOUNTING,A,046,S,new,3,August,2001,female
271692,ARTS,1.3964,185 (NEW),6989,2020,GEOGRAPHY,A,ISLAM,A,TAMIL,A,036,S,new,10,January,2001,female
271980,COMMERCE,1.5167,39 (NEW),3572,2020,ECONOMICS,A,BUSINESS STUDIES,A,ACCOUNTING,A,062,B,new,27,April,2001,female
272189,ARTS,1.6728,59 (NEW),2801,2020,GEOGRAPHY,A,ISLAM,A,TAMIL,A,054,C,new,5,December,2001,female
272432,COMMERCE,1.5424,36 (NEW),3320,2020,ECONOMICS,A,BUSINESS STUDIES,A,ACCOUNTING,A,060,S,new,24,January,2002,male
272572,ARTS,1.5538,100 (NEW),4248,2020,GEOGRAPHY,A,ISLAM,A,TAMIL,A,048,F,new,5,April,2001,female
272741,ARTS,1.4796,143 (NEW),5459,2020,GEOGRAPHY,A,POLITICAL SCIENCE,A,ISLAM,A,042,S,new,28,March,2001,female
272762,ARTS,1.6753,57 (NEW),2771,2020,GEOGRAPHY,A,POLITICAL SCIENCE,A,ISLAM,A,044,S,new,9,July,2001,female
272863,ARTS,1.6901,52 (NEW),2577,2020,HOME ECONOMICS,A,ISLAMIC CIVILIZATION,A,ARABIC,A,028,S,new,30,December,2000,female
272926,ARTS,1.5922,88 (NEW),3755,2020,HOME ECONOMICS,A,ISLAMIC CIVILIZATION,A,ARABIC,A,042,B,new,Invalid nic error,Invalid nic error,Invalid nic error,
272964,ARTS,1.5398,105 (NEW),4445,2020,HOME ECONOMICS,A,ISLAMIC CIVILIZATION,A,ARABIC,A,034,S,new,31,August,2000,female
273030,ARTS,1.3513,216 (NEW),7969,2020,POLITICAL SCIENCE,A,ISLAM,A,TAMIL,A,056,F,new,1,October,2001,female
273079,ARTS,1.3026,261 (NEW),9098,2020,POLITICAL SCIENCE,A,ISLAM,A,ARABIC,A,040,F,new,31,August,1999,female
273098,ARTS,1.6821,55 (NEW),2675,2020,POLITICAL SCIENCE,A,ISLAM,A,ARABIC,A,042,S,new,20,July,1999,female
273113,ARTS,1.4618,154 (NEW),5796,2020,POLITICAL SCIENCE,A,ISLAM,A,ARABIC,A,050,S,new,25,August,1999,female
273574,ARTS,1.5849,90 (NEW),3837,2020,GEOGRAPHY,A,ISLAMIC CIVILIZATION,A,TAMIL,A,040,S,new,24,September,2001,female
274895,COMMERCE,1.4893,46 (NEW),3872,2020,ECONOMICS,A,BUSINESS STUDIES,A,ACCOUNTING,A,038,F,new,18,June,2001,male
274986,COMMERCE,1.5025,43 (NEW),3735,2020,ECONOMICS,A,BUSINESS STUDIES,A,ACCOUNTING,A,058,S,new,3,February,2001,female
274990,COMMERCE,1.6062,28 (NEW),2739,2020,ECONOMICS,A,BUSINESS STUDIES,A,ACCOUNTING,A,066,C,new,2,August,2001,female
275031,COMMERCE,1.6323,22 (NEW),2539,2020,ECONOMICS,A,BUSINESS STUDIES,A,ACCOUNTING,A,054,C,new,8,June,2001,female
275292,ARTS,1.5829,65 (NEW),3869,2020,POLITICAL SCIENCE,A,CARNATIC MUSIC,A,TAMIL,A,030,F,new,20,December,2001,female
275371,ARTS,1.6841,39 (NEW),2650,2020,GEOGRAPHY,A,HISTORY OF SRI LANKA & EUROPE,A,HINDU CIVILIZATION,A,044,S,new,7,November,2000,male
275794,ARTS,1.5501,77 (NEW),4292,2020,POLITICAL SCIENCE,A,HINDU CIVILIZATION,A,TAMIL,A,042,F,new,10,August,2001,female
276129,ARTS,1.488,102 (NEW),5314,2020,GEOGRAPHY,A,HOME ECONOMICS,A,ISLAMIC CIVILIZATION,A,026,F,new,29,July,1999,female
276151,ARTS,1.6924,37 (NEW),2545,2020,HOME ECONOMICS,A,ISLAM,A,ARABIC,A,030,F,new,30,July,2000,female
276154,ARTS,1.6752,41 (NEW),2773,2020,POLITICAL SCIENCE,A,ISLAM,A,ARABIC,A,034,F,new,26,January,2002,female
276162,ARTS,1.387,140 (NEW),7169,2020,POLITICAL SCIENCE,A,ISLAMIC CIVILIZATION,A,ARABIC,A,030,S,new,8,June,2000,female
276305,COMMERCE,1.3733,52 (NEW),5209,2020,ECONOMICS,A,BUSINESS STUDIES,A,ACCOUNTING,A,048,S,new,14,April,2001,male
276386,ARTS,1.6026,59 (NEW),3629,2020,GEOGRAPHY,A,POLITICAL SCIENCE,A,ISLAMIC CIVILIZATION,A,030,C,new,28,April,2001,female
276458,ARTS,1.6691,44 (NEW),2843,2020,GEOGRAPHY,A,POLITICAL SCIENCE,A,ISLAMIC CIVILIZATION,A,028,S,new,16,December,2001,female
277592,ARTS,1.4104,131 (NEW),6736,2020,POLITICAL SCIENCE,A,ISLAMIC CIVILIZATION,A,ARABIC,A,032,F,new,20,March,2000,female
277724,ARTS,1.4804,104 (NEW),5441,2020,GEOGRAPHY,A,ISLAMIC CIVILIZATION,A,TAMIL,A,054,F,new,22,February,2001,female
277889,ARTS,1.4934,100 (NEW),5230,2020,POLITICAL SCIENCE,A,ISLAMIC CIVILIZATION,A,ARABIC,A,028,S,new,22,December,2000,female
277918,ARTS,1.5566,72 (NEW),4217,2020,POLITICAL SCIENCE,A,ISLAMIC CIVILIZATION,A,ARABIC,A,048,F,new,10,November,1997,female
279727,ARTS,1.6343,54 (NEW),3235,2020,GEOGRAPHY,A,HINDU CIVILIZATION,A,TAMIL,A,046,S,new,4,November,2001,female
280563,ARTS,1.5403,82 (NEW),4435,2020,POLITICAL SCIENCE,A,ISLAM,A,ARABIC,A,044,A,new,14,June,2001,female
281362,ARTS,1.5529,75 (NEW),4255,2020,HISTORY OF SRI LANKA & EUROPE,A,HINDU CIVILIZATION,A,DRAMA AND THEATRE (TAMIL),A,040,F,new,25,July,2001,male
281526,ARTS,1.4952,99 (NEW),5197,2020,HISTORY OF SRI LANKA & EUROPE,A,HINDU CIVILIZATION,A,TAMIL,A,022,F,new,22,October,2001,female
281807,ARTS,1.2971,184 (NEW),9224,2020,HISTORY OF SRI LANKA & EUROPE,A,HINDU CIVILIZATION,A,DANCING(BHARATHA),A,044,F,new,1,January,2002,female
282473,COMMERCE,1.5783,33 (NEW),2971,2020,ECONOMICS,A,BUSINESS STUDIES,A,ACCOUNTING,A,052,F,new,16,June,2001,male
282516,COMMERCE,1.5231,38 (NEW),3515,2020,ECONOMICS,A,BUSINESS STUDIES,A,ACCOUNTING,A,050,S,new,19,February,2001,female
282541,COMMERCE,1.6267,29 (NEW),2585,2020,ECONOMICS,A,BUSINESS STUDIES,A,ACCOUNTING,A,050,F,new,8,November,2001,female
282680,ARTS,1.6882,38 (NEW),2598,2020,HISTORY OF SRI LANKA & EUROPE,A,HINDU CIVILIZATION,A,TAMIL,A,056,F,new,3,December,2001,male
283134,COMMERCE,1.5764,30 (NEW),2991,2020,ECONOMICS,A,BUSINESS STUDIES,A,ACCOUNTING,A,028,B,new,11,December,2001,female
283138,COMMERCE,1.5413,38 (NEW),3329,2020,ECONOMICS,A,BUSINESS STUDIES,A,ACCOUNTING,A,064,S,new,27,June,2001,female
283172,COMMERCE,1.5379,39 (NEW),3369,2020,ECONOMICS,A,BUSINESS STUDIES,A,ACCOUNTING,A,056,S,new,16,July,2001,female
283205,COMMERCE,1.5257,42 (NEW),3484,2020,ECONOMICS,A,BUSINESS STUDIES,A,ACCOUNTING,A,042,F,new,7,October,2001,female
283233,COMMERCE,1.5488,37 (NEW),3272,2020,ECONOMICS,A,BUSINESS STUDIES,A,ACCOUNTING,A,068,C,new,2,March,2001,male
283416,COMMERCE,1.4405,54 (NEW),4416,2020,ECONOMICS,A,BUSINESS STUDIES,A,ACCOUNTING,A,Absent,S,new,18,February,2000,female
283445,ARTS,1.5549,75 (NEW),4234,2020,GEOGRAPHY,A,HISTORY OF SRI LANKA & INDIA,A,SINHALA,A,052,S,new,29,August,2001,female
283874,ARTS,1.3825,138 (NEW),7269,2020,GEOGRAPHY,A,DANCING(INDIGENOUS),A,SINHALA,A,036,S,new,20,June,2001,female
283890,COMMERCE,1.5843,29 (NEW),2917,2020,ECONOMICS,A,BUSINESS STUDIES,A,ACCOUNTING,A,042,F,new,19,April,2000,female
284354,COMMERCE,1.5963,27 (NEW),2813,2020,ECONOMICS,A,BUSINESS STUDIES,A,ACCOUNTING,A,046,C,new,16,May,2001,female
284393,COMMERCE,1.4422,53 (NEW),4389,2020,ECONOMICS,A,BUSINESS STUDIES,A,ACCOUNTING,A,048,S,new,17,December,2001,female
284649,COMMERCE,1.5713,31 (NEW),3046,2020,ECONOMICS,A,BUSINESS STUDIES,A,ACCOUNTING,A,064,A,new,8,September,2001,female
284686,COMMERCE,1.4518,51 (NEW),4267,2020,ECONOMICS,A,BUSINESS STUDIES,A,ACCOUNTING,A,050,C,new,27,January,2002,female
285023,COMMERCE,1.4621,50 (NEW),4155,2020,ECONOMICS,A,BUSINESS STUDIES,A,ACCOUNTING,A,062,C,new,4,May,2001,female
285259,ARTS,1.6653,49 (NEW),2881,2020,GEOGRAPHY,A,HINDU CIVILIZATION,A,TAMIL,A,036,F,new,19,January,2002,female
285346,COMMERCE,1.5667,32 (NEW),3085,2020,ECONOMICS,A,BUSINESS STUDIES,A,ACCOUNTING,A,048,Absent,new,9,January,2001,female
285722,ARTS,1.6022,62 (NEW),3632,2020,COMMUNICATION & MEDIA STUDIES,A,BUDDHIST CIVILIZATION,A,SINHALA,A,052,B,new,25,March,2001,female
285782,COMMERCE,1.5274,41 (NEW),3461,2020,ECONOMICS,A,BUSINESS STUDIES,A,ACCOUNTING,A,062,S,new,30,April,2001,male
285786,COMMERCE,1.4966,48 (NEW),3800,2020,ECONOMICS,A,BUSINESS STUDIES,A,ACCOUNTING,A,042,F,new,11,July,2000,female
285833,COMMERCE,1.5366,40 (NEW),3387,2020,ECONOMICS,A,BUSINESS STUDIES,A,ACCOUNTING,A,046,S,new,4,June,2001,female
285848,COMMERCE,1.5649,33 (NEW),3102,2020,ECONOMICS,A,BUSINESS STUDIES,A,ACCOUNTING,A,044,F,new,29,April,2001,female
285850,ARTS,1.6575,53 (NEW),2962,2020,POLITICAL SCIENCE,A,HISTORY OF SRI LANKA & EUROPE,A,SINHALA,A,050,S,new,28,September,2001,female
285887,COMMERCE,1.3778,66 (NEW),5159,2020,ECONOMICS,A,BUSINESS STUDIES,A,ACCOUNTING,A,054,S,new,8,June,2001,female
286471,ARTS,1.6685,46 (NEW),2847,2020,GEOGRAPHY,A,POLITICAL SCIENCE,A,ISLAM,A,060,B,new,25,December,2001,male
286605,ARTS,1.6518,55 (NEW),3027,2020,GEOGRAPHY,A,POLITICAL SCIENCE,A,ISLAM,A,040,F,new,27,December,2001,female
286612,ARTS,1.5923,64 (NEW),3754,2020,GEOGRAPHY,A,POLITICAL SCIENCE,A,ISLAM,A,048,S,new,31,January,2002,female
286681,ARTS,1.5054,92 (NEW),5007,2020,POLITICAL SCIENCE,A,ISLAM,A,ARABIC,A,038,F,new,4,May,2000,male
286696,ARTS,1.3231,166 (NEW),8620,2020,POLITICAL SCIENCE,A,ISLAM,A,ARABIC,A,038,C,new,29,January,1998,male
286710,ARTS,1.5016,94 (NEW),5070,2020,POLITICAL SCIENCE,A,ISLAM,A,ARABIC,A,052,S,new,19,February,2000,female
286786,ARTS,1.5899,66 (NEW),3788,2020,POLITICAL SCIENCE,A,ISLAM,A,ARABIC,A,030,F,new,17,November,2001,female
287037,ARTS,1.4451,115 (NEW),6091,2020,POLITICAL SCIENCE,A,ISLAM,A,ARABIC,A,032,S,new,24,January,2001,female
287293,ARTS,1.668,47 (NEW),2851,2020,GEOGRAPHY,A,POLITICAL SCIENCE,A,ISLAMIC CIVILIZATION,A,046,F,new,11,April,2001,female
287299,ARTS,1.5797,67 (NEW),3906,2020,GEOGRAPHY,A,POLITICAL SCIENCE,A,ISLAMIC CIVILIZATION,A,046,F,new,10,December,2001,female
287309,ARTS,1.5262,88 (NEW),4692,2020,GEOGRAPHY,A,POLITICAL SCIENCE,A,ISLAMIC CIVILIZATION,A,048,F,new,7,April,2001,female
287325,ARTS,1.6877,39 (NEW),2604,2020,GEOGRAPHY,A,POLITICAL SCIENCE,A,ISLAMIC CIVILIZATION,A,028,S,new,31,March,2001,female
288861,ARTS,1.472,105 (NEW),5599,2020,GEOGRAPHY,A,ISLAM,A,TAMIL,A,040,F,new,10,June,2001,female
289542,ARTS,1.6215,15 (NEW),3384,2020,GEOGRAPHY,A,POLITICAL SCIENCE,A,SINHALA,A,034,S,new,11,March,1999,female
290154,ARTS,1.5789,18 (NEW),3916,2020,GEOGRAPHY,A,POLITICAL SCIENCE,A,SINHALA,A,042,F,new,23,July,2001,female
290515,ARTS,1.6213,16 (NEW),3388,2020,HISTORY OF SRI LANKA & EUROPE,A,HINDU CIVILIZATION,A,TAMIL,A,038,S,new,21,August,2001,female
290530,ARTS,1.6249,14 (NEW),3343,2020,HISTORY OF SRI LANKA & EUROPE,A,HINDU CIVILIZATION,A,TAMIL,A,038,S,new,12,September,2001,female
291110,COMMERCE,1.4514,10 (NEW),4272,2020,ECONOMICS,A,BUSINESS STUDIES,A,ACCOUNTING,A,036,F,new,19,June,2001,female
291627,COMMERCE,1.5892,9 (NEW),2876,2020,ECONOMICS,A,BUSINESS STUDIES,A,ACCOUNTING,A,042,S,new,4,January,2002,female
291860,ARTS,1.6741,7 (NEW),2788,2020,GEOGRAPHY,A,CHRISTIAN CIVILIZATION,A,TAMIL,A,056,B,new,20,August,2001,female
291989,COMMERCE,1.543,11 (NEW),3314,2020,ECONOMICS,A,BUSINESS STUDIES,A,ACCOUNTING,A,040,F,new,9,December,2000,male
293354,COMMERCE,1.4229,17 (NEW),4623,2020,ECONOMICS,A,BUSINESS STUDIES,A,ACCOUNTING,A,056,S,new,7,November,2001,male
293574,COMMERCE,1.4337,16 (NEW),4500,2020,ECONOMICS,A,BUSINESS STUDIES,A,ACCOUNTING,A,050,F,new,26,July,2001,male
293742,COMMERCE,1.5053,13 (NEW),3690,2020,ECONOMICS,A,BUSINESS STUDIES,A,ACCOUNTING,A,056,S,new,7,December,2001,female
294062,COMMERCE,1.5783,12 (NEW),2971,2020,ECONOMICS,A,BUSINESS STUDIES,A,ACCOUNTING,A,056,S,new,2,April,2001,female
294854,ARTS,1.5465,34 (NEW),4337,2020,GEOGRAPHY,A,HINDU CIVILIZATION,A,TAMIL,A,032,F,new,21,June,2001,female
295002,COMMERCE,1.6136,3 (NEW),2684,2020,ECONOMICS,A,BUSINESS STUDIES,A,ACCOUNTING,A,050,F,new,26,October,2001,female
295075,COMMERCE,1.4011,14 (NEW),4890,2020,ECONOMICS,A,BUSINESS STUDIES,A,ACCOUNTING,A,036,F,new,6,March,2001,male
295306,ARTS,1.6343,22 (NEW),3235,2020,GEOGRAPHY,A,HINDU CIVILIZATION,A,TAMIL,A,032,F,new,30,September,2001,female
295509,COMMERCE,1.391,15 (NEW),5006,2020,ECONOMICS,A,BUSINESS STUDIES,A,ACCOUNTING,A,042,F,new,19,October,2000,female
295697,ARTS,1.5603,33 (NEW),4165,2020,GEOGRAPHY,A,HINDU CIVILIZATION,A,TAMIL,A,050,S,new,20,September,2001,female
296092,COMMERCE,1.6271,2 (NEW),2582,2020,ECONOMICS,A,BUSINESS STUDIES,A,ACCOUNTING,A,056,C,new,5,August,2000,female
296204,COMMERCE,1.3574,16 (NEW),5412,2020,ECONOMICS,A,BUSINESS STUDIES,A,ACCOUNTING,A,046,F,new,1,January,2002,female
296750,ARTS,1.5827,29 (NEW),3873,2020,HISTORY OF SRI LANKA & EUROPE,A,HINDU CIVILIZATION,A,TAMIL,A,048,F,new,29,November,2001,female
296919,COMMERCE,1.5783,26 (NEW),2971,2020,ECONOMICS,A,BUSINESS STUDIES,A,ACCOUNTING,A,052,C,new,6,May,2001,female
297099,COMMERCE,1.4985,37 (NEW),3781,2020,ECONOMICS,A,BUSINESS STUDIES,A,ACCOUNTING,A,050,C,new,31,August,2001,male
297110,COMMERCE,1.5304,34 (NEW),3439,2020,ECONOMICS,A,BUSINESS STUDIES,A,ACCOUNTING,A,060,S,new,8,August,2001,male
297593,ARTS,1.6727,66 (NEW),2804,2020,GEOGRAPHY,A,POLITICAL SCIENCE,A,TAMIL,A,042,F,new,12,May,2001,male
299149,COMMERCE,1.565,30 (NEW),3101,2020,ECONOMICS,A,BUSINESS STUDIES,A,ACCOUNTING,A,030,S,new,19,February,2000,female
300020,COMMERCE,1.5599,31 (NEW),3156,2020,ECONOMICS,A,BUSINESS STUDIES,A,ACCOUNTING,A,050,S,new,22,September,2001,female
300626,ARTS,1.5404,112 (NEW),4433,2020,GEOGRAPHY,A,DANCING(BHARATHA),A,TAMIL,A,034,S,new,19,January,2002,female
300779,COMMERCE,1.5736,27 (NEW),3023,2020,ECONOMICS,A,BUSINESS STUDIES,A,ACCOUNTING,A,068,C,new,28,November,2001,male
300971,ARTS,1.6208,83 (NEW),3399,2020,GEOGRAPHY,A,HISTORY OF SRI LANKA & EUROPE,A,TAMIL,A,034,F,new,8,July,2001,female
301294,ARTS,1.5895,99 (NEW),3791,2020,GEOGRAPHY,A,HISTORY OF SRI LANKA & EUROPE,A,TAMIL,A,042,F,new,15,March,2000,female
301463,ARTS,1.6909,61 (NEW),2565,2020,HISTORY OF SRI LANKA & EUROPE,A,HINDU CIVILIZATION,A,TAMIL,A,042,S,new,11,July,2001,female
301469,ARTS,1.3218,226 (NEW),8649,2020,HISTORY OF SRI LANKA & EUROPE,A,DANCING(BHARATHA),A,TAMIL,A,040,F,new,17,November,2001,female
301645,COMMERCE,1.5707,28 (NEW),3053,2020,ECONOMICS,A,BUSINESS STUDIES,A,ACCOUNTING,A,052,F,new,15,December,2001,male
302635,ARTS,1.5953,97 (NEW),3724,2020,GEOGRAPHY,A,HISTORY OF SRI LANKA & EUROPE,A,TAMIL,A,050,C,new,15,September,2001,male
303025,ARTS,1.621,81 (NEW),3392,2020,GEOGRAPHY,A,LOGIC & SCIENTIFIC METHOD,A,TAMIL,A,050,S,new,5,July,2001,male
303153,ARTS,1.4574,143 (NEW),5878,2020,HISTORY OF SRI LANKA & EUROPE,A,DANCING(BHARATHA),A,TAMIL,A,042,S,new,22,December,2001,female
303255,COMMERCE,1.5589,32 (NEW),3165,2020,ECONOMICS,A,BUSINESS STUDIES,A,ACCOUNTING,A,054,S,new,29,October,2001,female
303458,ARTS,1.6895,62 (NEW),2582,2020,HISTORY OF SRI LANKA & EUROPE,A,DANCING(BHARATHA),A,TAMIL,A,044,F,new,18,October,2001,female
303493,ARTS,1.4927,129 (NEW),5240,2020,POLITICAL SCIENCE,A,HISTORY OF SRI LANKA & EUROPE,A,CHRISTIAN CIVILIZATION,A,044,S,new,10,April,2000,female
303520,ARTS,1.6349,76 (NEW),3222,2020,POLITICAL SCIENCE,A,HISTORY OF SRI LANKA & EUROPE,A,TAMIL,A,034,S,new,11,April,2001,female
303810,COMMERCE,1.3955,51 (NEW),4969,2020,ECONOMICS,A,BUSINESS STUDIES,A,ACCOUNTING,A,048,F,new,26,March,2000,female
304837,ARTS,1.632,77 (NEW),3272,2020,GEOGRAPHY,A,CHRISTIAN CIVILIZATION,A,TAMIL,A,050,F,new,18,November,2001,female
305079,COMMERCE,1.5691,29 (NEW),3063,2020,ECONOMICS,A,BUSINESS STUDIES,A,ACCOUNTING,A,048,F,new,17,June,2001,female
305315,ARTS,1.6629,68 (NEW),2906,2020,HISTORY OF SRI LANKA & EUROPE,A,HINDU CIVILIZATION,A,TAMIL,A,038,F,new,13,June,2000,male
305489,ARTS,1.6781,64 (NEW),2727,2020,GEOGRAPHY,A,HINDU CIVILIZATION,A,TAMIL,A,038,F,new,12,August,2001,female
305818,COMMERCE,1.3773,55 (NEW),5165,2020,ECONOMICS,A,BUSINESS STUDIES,A,ACCOUNTING,A,056,F,new,15,December,2001,male
305969,COMMERCE,1.4456,44 (NEW),4350,2020,ECONOMICS,A,BUSINESS STUDIES,A,ACCOUNTING,A,052,S,new,25,September,2001,female
